brand,model,year
MG,ZS,2022
Kia,Cerato Coupe,2010
Mercedes-Benz,CLS,2006
BMW,520,2019
Toyota,Land Cruiser,2021
Mercedes-Benz,E300,2021
Mercedes-Benz,E200,2022
Opel,Insignia,2017
Peugeot,508,2022
MG,MG 5,2021
Mercedes-Benz,C300,2020
Mercedes-Benz,C180,2013
Renault,Logan,2017
Subaru,XV,2017
Hyundai,Accent,2010
Land Rover,Velar,2020
Nissan,Sentra,2016
Mazda,6,2015
Renault,Megane,2021
Jaguar,F-type,2015
Toyota,Corolla,2019
Mercedes-Benz,C180,2010
Mercedes-Benz,CLS,2019
Citroen,Xsara,2001
Nissan,Sunny,2019
MG,HS,2021
Porsche,Boxster,2019
BYD,F3,2020
Citroen,C5,2020
Mercedes-Benz,C180,2009
Hyundai,Elantra,2013
Renault,Megane,2005
Mercedes-Benz,CLA 180,2019
Land Rover,Discovery Sport,2016
Seat,Leon,2022
Jaguar,XE,2020
Land Rover,Range Rover,2013
Kia,Cerato,2011
Mercedes-Benz,Other,2015
Mercedes-Benz,C180,2022
BMW,316,2015
BMW,850,2020
Nissan,Sunny,2022
Mercedes-Benz,E200,2018
Mercedes-Benz,CLA 200,2014
Chevrolet,Cruze,2014
Other make,Other,2019
Ford,Kuga,2019
Toyota,Corolla,2012
Skoda,Superb,2019
Hyundai,IX35,2014
Mitsubishi,Lancer,2007
Toyota,Corolla,2014
Geely,Emgrand X7,2020
MG,RX5,2019
Kia,Picanto,2012
BMW,335,2013
Nissan,Qashqai,2019
Mercedes-Benz,E200,2021
Mercedes-Benz,B150,2007
Mitsubishi,Lancer,2004
Land Rover,Evoque,2023
BMW,X7,2020
Suzuki,S-Presso,2021
Peugeot,508,2015
Mercedes-Benz,Other,2020
Fiat,Tipo,2021
Peugeot,508,2013
Volkswagen,Passat,2016
Citroen,C4 Grand Picasso,2019
Nissan,Sentra,2021
Chevrolet,Aveo,2015
Chevrolet,Optra,2020
Chery,Arrizo 5,2021
Land Rover,Discovery,2006
Hyundai,Accent,2021
Kia,Cerato,2020
BMW,530,2018
Nissan,Sunny,2020
Hyundai,Elantra,2007
Mercedes-Benz,C180,2019
Jeep,Grand Cherokee,2014
Mercedes-Benz,E180,2019
Jeep,Cherokee,2002
Nissan,Qashqai,2013
Peugeot,301,2020
Chevrolet,Malibu,2019
Chrysler,Town and Country,2001
Renault,Sandero,2013
Mercedes-Benz,E300,2020
Chevrolet,Optra,2007
Citroen,C4 Grand Picasso,2016
Volkswagen,Passat,2021
Nissan,Sunny,2023
Subaru,XV,2019
Kia,Cerato,2010
Seat,Ibiza,2021
Chevrolet,Aveo,2014
Suzuki,Alto,2016
Skoda,Octavia,2013
Honda,Civic,2012
Hyundai,Accent,2015
Chery,Other,2021
Mercedes-Benz,C200,2019
Peugeot,3008,2014
Geely,Emgrand 7,2014
BMW,X5,2003
Opel,Astra,2020
Fiat,Tipo,2020
Opel,Vectra,2008
Hyundai,Elantra,2015
Kia,Picanto,2017
Chevrolet,Optra,2006
Nissan,Sentra,2017
Mercedes-Benz,E180,2018
Jac,S3,2017
MINI,Cooper,2021
Nissan,Sunny,2021
Hyundai,Verna,2011
Toyota,Corolla,2020
Honda,Civic,2008
Chevrolet,Lanos,2018
Toyota,C-HR,2022
Chevrolet,Optra,2022
Geely,Emgrand X7,2019
Kia,Cerato,2015
Jeep,Liberty,2006
Hyundai,Elantra,2019
BMW,316,2011
Volkswagen,Tiguan,2021
Kia,Cerato,2017
Toyota,Yaris,2013
BMW,316,2010
Toyota,Corolla,2021
Speranza,A113,2011
BMW,316,2006
Citroen,DS3,2013
MG,6,2021
Hyundai,Tucson,2019
MG,RX5,2021
Mercedes-Benz,E200,2014
BMW,316,2014
Hyundai,Elantra,2012
Mercedes-Benz,C250,2010
Ford,Focus,2014
Nissan,Tiida,2007
Chevrolet,Sonic,2012
Jeep,Other,2009
Speranza,A516,2012
Chery,Arrizo 5,2020
BMW,118,2014
Hyundai,Matrix,2010
Kia,Carens,2022
Dodge,Ram,2007
Land Rover,Range Rover Sport,2018
Mitsubishi,Pajero,2014
Other make,Karry,2020
Mercedes-Benz,A200,2021
Nissan,Sunny,2013
MINI,Cooper,2019
Toyota,Fortuner,2023
Ford,Focus,2008
Kia,Sportage,2017
Skoda,Octavia,2010
Hyundai,Tucson,2022
Mazda,3,2017
Volkswagen,Passat,2012
Opel,Astra,2015
Lamborghini,Other,2022
Suzuki,Van,2016
Volkswagen,Jetta,2008
Alfa Romeo,Stelvio,2020
Hyundai,Accent,2018
Skoda,Octavia,2021
Renault,Logan,2018
Peugeot,3008,2022
Chevrolet,Optra,2019
Chevrolet,Lanos,2019
Volkswagen,Passat,2022
DFSK,Eagle 580,2019
Fiat,Tipo,2022
BMW,316,2013
Skoda,Octavia,2009
Hyundai,Verna,2015
Mitsubishi,Lancer,2008
Jac,S3,2018
MG,MG 5,2020
Toyota,Avanza,2012
Mitsubishi,Xpander,2023
Peugeot,508,2021
Hyundai,Elantra,2016
Volkswagen,Passat,2018
Chevrolet,Cruze,2016
Speranza,A113,2010
Proton,Gen-2,2013
Mercedes-Benz,E350,2020
Jeep,Wrangler,2010
BMW,320,2019
Chevrolet,Spark,2010
Renault,Megane,2016
Hyundai,Verna,2016
Hyundai,IX35,2012
Mercedes-Benz,B200,2013
MG,ZS,2020
Nissan,Sentra,2018
Mitsubishi,Lancer,2018
Hyundai,Elantra,2008
Hyundai,Elantra,2020
Fiat,Tipo,2019
Mercedes-Benz,E180,2017
BMW,X3,2016
Mercedes-Benz,E240,2001
Porsche,Cayenne,2012
Mercedes-Benz,S500,2021
Mercedes-Benz,S320,2002
Volkswagen,Passat,2017
Mitsubishi,Lancer,2000
Ford,Mustang,2017
Porsche,Boxster,2016
Porsche,Cayman,2014
Hyundai,Accent,2008
Porsche,Carrera,2008
Renault,Fluence,2011
Mercedes-Benz,Maybach,2015
Kia,Cerato,2018
Mercedes-Benz,S500,2014
Daewoo,Nubira,2004
Fiat,Siena,2000
Jaguar,F-Pace,2019
MG,MG 5,2022
Hyundai,Accent,2017
Ssang Yong,Tivoli XLV,2020
Peugeot,3008,2019
Kia,Rio,2015
Jeep,Cherokee,2012
BYD,L3,2016
Jeep,Cherokee,2011
Baic,X3,2022
Mercedes-Benz,GL-Class,2013
Subaru,Impreza,2010
BMW,340,2018
Proton,Gen-2,2014
Hyundai,Getz,2011
Renault,Logan,2016
Speranza,Envy,2018
Hyundai,Grand I10,2015
Kia,Sportage,2020
Skoda,Octavia,2015
Jaguar,E-Pace,2018
Seat,Ibiza,2019
Classic,Classic,2021
BMW,X6,2010
Subaru,Legacy,2010
Mercedes-Benz,G-Class,2018
Speranza,Tiggo,2021
Mercedes-Benz,C250,2011
Peugeot,508,2016
Renault,Logan,2014
BMW,X3,2012
Hyundai,Creta,2016
Jeep,Grand Cherokee,2016
Hyundai,Verna,2010
Mitsubishi,Lancer,2015
Kia,Cerato,2016
BYD,F3,2018
Hyundai,Elantra,2018
Jeep,Wrangler,2012
Hyundai,Accent,2019
Jeep,Renegade,2017
Hyundai,Santa Fe,2013
Daihatsu,Terios,2007
Subaru,Impreza,2009
Kia,Ceed,2019
Suzuki,Ciaz,2022
Renault,Logan,2022
Opel,Astra,2016
Mercedes-Benz,A180,2021
Alfa Romeo,Giulietta,2020
Chevrolet,Captiva,2021
Renault,Megane,2020
BMW,X2,2019
Ford,Kuga,2018
Renault,Logan,2010
Mercedes-Benz,E350,2018
BMW,320,2015
Renault,Sandero,2017
Ssang Yong,Tivoli XLV,2019
Toyota,Corolla,2007
Nissan,Juke,2021
Volkswagen,Jetta,2010
Hyundai,Elantra,2017
Nissan,Qashqai,2016
Kia,Xceed,2022
Jeep,Cherokee,2015
Peugeot,3008,2013
BMW,X1,2020
Audi,A4,2009
Toyota,Corolla,2009
BMW,520,2018
Kia,Pride,2000
Mitsubishi,Lancer,2016
BMW,320,2014
Toyota,Yaris,2007
Nissan,Sunny,2018
Proton,Gen-2,2010
Honda,Accord,2019
Volkswagen,Golf,2004
Opel,Grandland,2021
Volvo,V 60,2021
Changan,Benni mini,2016
Hyundai,IX35,2016
Seat,Ibiza,2020
Peugeot,2008,2021
Hyundai,H1,2017
Citroen,C-Elysée,2019
Dodge,Dart,2013
MINI,John Cooper Works,2020
Kia,Rio,2001
Opel,Corsa,2013
Renault,Megane,2018
Renault,Captur,2017
Geely,Pandido,2015
Renault,Fluence,2016
BMW,523,2007
BMW,318,2018
Mercedes-Benz,CLA 180,2017
Geely,Emgrand 7,2015
Jaguar,XF,2014
Chevrolet,Aveo,2012
Nissan,Sunny,2017
Mercedes-Benz,E350,2019
Nissan,Sunny,2012
Hyundai,Matrix,2008
Chery,Tiggo,2017
Renault,Kadjar,2017
BMW,X5,2017
Fiat,Punto,2008
Land Rover,Range Rover Vogue,2013
Skoda,Octavia,2008
BMW,340,2019
Kia,Sportage,2022
Chevrolet,N300,2021
Senova,X35,2018
Land Rover,Range Rover Vogue,2020
Kia,Ceed,2017
Skoda,Kodiaq,2022
Honda,City,2008
Hyundai,Verna,2013
MINI,Cooper,2016
Ford,Fusion,2021
Porsche,Macan,2022
Nissan,Qashqai,2017
Hyundai,Matrix,2003
Kia,Carens,2012
Chevrolet,Lanos,2009
Opel,Grandland,2018
Kia,Sportage,2019
Volkswagen,Passat,2006
Porsche,Boxster,2010
Renault,Logan,2020
Toyota,Yaris,2015
MINI,Cooper s,2008
Kia,Cerato,2014
Ford,Focus,2018
Mercedes-Benz,Other,2022
Lada,2107,2008
Ford,Focus,2017
Kia,Sportage,2021
Mazda,3,2010
Chery,Arrizo 5,2022
Kia,Rio,2012
Fiat,Shahin,2001
BMW,523,2011
Jeep,Renegade,2018
Haval,Jolion,2022
Opel,Astra,2017
Peugeot,301,2015
Peugeot,508,2017
Land Rover,Range Rover Sport,2020
Mercedes-Benz,C200,2001
Nissan,Qashqai,2018
Skoda,Octavia,2020
Hyundai,Creta,2021
Mitsubishi,Pajero,2010
Daihatsu,Gran Max,2014
BMW,X6,2019
BMW,118,2021
Mercedes-Benz,C180,2017
BMW,X3,2008
Fiat,500X,2020
Jeep,Cherokee,2013
Renault,Duster,2018
Kia,Cerato,2022
Citroen,C3,2004
Porsche,Carrera,2021
Mercedes-Benz,C180,2018
Toyota,Yaris,2021
Speranza,A113,2013
Volkswagen,Passat,2011
Skoda,Superb,2021
Peugeot,3008,2021
Nissan,Qashqai,2014
Ford,Focus,2021
Skoda,Kodiaq,2021
Speranza,A516,2011
MG,MG 5,2015
Speranza,A11,2011
BMW,320,2018
Peugeot,508,2019
Chevrolet,Camaro,2010
Peugeot,5008,2022
Mercedes-Benz,E200,2015
Renault,Logan,2013
Suzuki,Ciaz,2016
Toyota,Corolla,2008
BMW,525,2000
Toyota,Corolla,2010
Toyota,Corolla,2022
Subaru,XV,2021
Mercedes-Benz,GLC 300,2022
Volkswagen,Passat,2000
Speranza,Tiggo,2022
Opel,Astra,2013
Chery,Tiggo,2023
Toyota,Rav 4,2008
Opel,Crossland,2018
Jeep,Grand Cherokee,2019
Porsche,Other,2023
Mercedes-Benz,E280,2007
Kia,Soul,2015
Peugeot,307 SW,2006
Jeep,Cherokee,2008
Kia,Cerato Coupe,2011
BMW,520,2021
Renault,Duster,2016
Skoda,Superb,2022
BMW,318,2016
Nissan,Qashqai,2020
Chrysler,PT Cruiser,2006
Seat,Toledo,2000
Volkswagen,Passat,2009
Renault,Duster,2019
Mercedes-Benz,GLA 200,2021
Chevrolet,Optra,2023
Chrysler,C300,2006
Land Rover,Range Rover Sport,2022
BMW,X5,2018
Renault,Logan,2021
Mercedes-Benz,E250,2011
Kia,Cerato,2021
Hyundai,Accent,2013
BYD,F3,2017
Jeep,Grand Cherokee,2017
Fiat,Grand Punto,2010
Kia,Soul,2013
Opel,Insignia,2018
Mercedes-Benz,CLA 200,2020
Chevrolet,Pickup/Dababa,2019
Chery,Tiggo,2022
Alfa Romeo,Giulietta,2021
Seat,Tarraco,2021
Speranza,M11,2012
BMW,630,2006
Audi,A5,2018
Hyundai,Accent,2020
Skoda,Octavia,2012
Proton,Waja,2006
Honda,Civic,2013
Mercedes-Benz,CLA 180,2015
MG,6,2022
Toyota,Fortuner,2016
Mercedes-Benz,E250,2010
Hyundai,Elantra,2021
Mercedes-Benz,A200,2019
Skoda,Karoq,2020
Chevrolet,Other,2020
Changan,Alsvin,2022
Jeep,Cherokee,2022
Renault,Megane,2022
Daihatsu,Materia,2007
Peugeot,607,2001
Opel,Crossland,2021
Renault,Kadjar,2021
Opel,Crossland,2020
Mercedes-Benz,GLK 300,2010
Jetour,X95,2022
Chevrolet,Aveo,2009
Mitsubishi,Pickup,2007
Daewoo,Lanos,2000
Audi,Q7,2021
BYD,F3,2019
Volvo,XC60,2019
Suzuki,Swift,2022
Fiat,Grand Punto,2013
Peugeot,407,2008
Seat,Leon,2010
Opel,Mokka,2016
Nissan,Qashqai,2021
Renault,Kadjar,2020
Hyundai,Verna,2008
Hyundai,Elantra,2022
Volkswagen,Golf,2000
Toyota,Corolla,2013
Peugeot,3008,2011
Ford,Windstar,2000
Mercedes-Benz,E300,2010
Suzuki,Ertiga,2019
Hyundai,IX35,2015
BMW,X3,2013
BYD,F3,2016
Daewoo,Lacetti,2007
Jeep,Grand Cherokee,2015
Opel,Astra,2002
Opel,Astra,2014
Mercedes-Benz,CLA 200,2022
Speranza,A516,2008
Chevrolet,Cruze,2015
Citroen,C3 Picasso,2014
Hyundai,Elantra,2010
Suzuki,SX4,2016
Volkswagen,Golf,2014
BMW,318,2003
Chevrolet,Optra,2017
Volkswagen,Golf,2007
Fiat,Tipo,2018
Subaru,Impreza,2018
Mercedes-Benz,GLA 200,2018
Jeep,Wrangler,2011
Volkswagen,Tiguan,2020
Land Rover,Velar,2021
Mercedes-Benz,E220,2004
Chevrolet,Trailblazer,2004
BMW,X3,2014
Audi,A3,2003
Opel,Grandland,2020
Nissan,Sunny,2011
Lada,2106,2016
Chery,Envy,2018
Opel,Insignia,2019
BYD,F3,2022
Mercedes-Benz,B200,2015
Skoda,Kodiaq,2019
Peugeot,301,2014
BMW,X5,2019
Hyundai,Accent,2012
Isuzu,Other,2017
Jeep,Wrangler,2017
Renault,Megane,2015
Nissan,Tiida,2013
Fiat,Doblo,2022
Audi,Q7,2019
Nissan,Pickup,2016
Citroen,C5,2014
Chevrolet,Spark,2008
BMW,318,2017
Hyundai,Tucson,2020
Fiat,500X,2019
Mazda,3,2016
Infiniti,QX,2014
Jac,S3,2019
Citroen,C-Elysée,2020
Opel,Crossland,2022
Chrysler,Town and Country,2012
Land Rover,Range Rover Sport,2021
MINI,Cooper Roadster,2012
Toyota,Prado,2017
Kia,Sorento,2021
Volkswagen,Jetta,2007
Subaru,XV,2016
Land Rover,Range Rover,2017
Audi,Q8,2023
Hyundai,Verna,2005
Jac,S7,2022
Suzuki,Maruti,2014
Ford,Fiesta,2014
Audi,Q3,2023
Mazda,3,2013
Citroen,DS5,2014
Mercedes-Benz,C180,2000
Daihatsu,Grand Terios,2009
Toyota,Land Cruiser,2019
Lada,Granta,2021
Kia,Carens,2011
Chevrolet,Other,2012
BMW,X1,2018
Peugeot,3008,2020
Chevrolet,Spark,2012
Honda,Civic,2005
Citroen,Xsara,2002
Seat,Leon,2015
Speranza,A620,2007
Chevrolet,Optra,2021
Toyota,Echo,2000
Audi,A3,2022
Nissan,Armada,2006
MG,ZS,2021
Mercedes-Benz,E63,2022
BMW,320,2016
Hyundai,Avante,2005
BMW,320,2013
MG,ZS,2019
Toyota,Yaris,2008
Mitsubishi,Pajero,2003
Mitsubishi,Lancer,2009
Peugeot,301,2021
BMW,525,2009
Hyundai,Grand I10,2017
Geely,Other,2005
Kia,Picanto,2013
Volkswagen,Tiguan,2017
Hyundai,Elantra,2023
Chevrolet,Other,2000
Hyundai,Verna,2012
Infiniti,Other,2017
Opel,Astra,2019
Fiat,Punto,2011
Mercedes-Benz,GLC 300,2019
Ford,Fusion,2015
Kia,Rio,2013
Suzuki,Pick up,2015
Skoda,Rapid,2018
BMW,640,2016
MINI,Cooper,2017
Chevrolet,Spark,2020
BMW,X3,2019
Jeep,Cherokee,2009
Mercedes-Benz,GLC 250,2023
Land Rover,Defender,2023
Volkswagen,Golf,2011
BMW,Other,2023
BMW,528,2011
Renault,Clio,2001
Mercedes-Benz,G-Class,2023
Mercedes-Benz,GLA 200,2022
Chevrolet,Captiva,2010
BYD,F3,2021
Mercedes-Benz,E350,2006
Honda,City,2009
Mercedes-Benz,C200,2022
Honda,Civic,2019
Audi,A5,2019
Kia,Sportage,2014
BMW,523,2010
Ssang Yong,Tivoli,2020
Audi,A4,2011
Mercedes-Benz,GLC 300,2021
Peugeot,508,2014
Suzuki,Van,2012
Mercedes-Benz,E200,2005
Skoda,Octavia,2004
Mercedes-Benz,A150,2005
Subaru,Impreza,2016
Opel,Astra,2008
Mercedes-Benz,S350,2010
Kia,Cerato,2012
Chevrolet,Optra,2016
Peugeot,2008,2016
BMW,X3,2015
MG,6,2020
Audi,A3,2020
Land Rover,Range Rover Sport,2012
Lada,2107,2007
Mercedes-Benz,C180,2020
Chevrolet,Captiva,2020
Mercedes-Benz,S500,2019
BYD,F3,2011
Opel,Grandland,2022
BMW,116,2010
Alfa Romeo,Giulia,2021
Mercedes-Benz,A200,2018
Toyota,Rumion,2022
King Long,Van,2022
Citroen,DS7,2021
Toyota,Auris,2014
Nissan,Sunny,2007
Fiat,Palio,2008
Opel,Astra,2021
Haval,H6,2022
Ford,Focus,2012
Chevrolet,Optra,2018
Hyundai,Coupe,2005
Kia,Xceed,2017
BMW,Z4,2022
Jeep,Renegade,2016
Seat,Arona,2021
Chrysler,Sebring,2004
Land Rover,Range Rover Sport,2007
Mercedes-Benz,S450,2022
Peugeot,2008,2022
Hyundai,Verna,2014
Daewoo,Juliet,2005
Changhe,Super Panda,2013
Peugeot,5008,2011
Lada,Granta,2022
Daewoo,Lanos,2007
Opel,Mokka,2023
Jaguar,F-type,2020
Land Rover,Velar,2023
Hyundai,Matrix,2007
BMW,X1,2017
Speranza,A516,2007
BMW,X1,2013
Hyundai,Matrix,2002
Geely,Pandido,2014
Skoda,Octavia,2014
Geely,Emgrand 7,2018
Hyundai,Tucson,2021
Nissan,Juke,2013
Ford,Expedition,2001
GMC,Sierra,2021
Audi,A5,2022
Mercedes-Benz,GLA 200,2019
Volvo,XC60,2022
Suzuki,Jimny,2000
Subaru,Impreza,2013
Seat,Ateca,2022
Speranza,Tiggo,2010
Opel,Insignia,2016
Mercedes-Benz,E240,2004
Toyota,Corolla,2016
Daihatsu,Charade,2005
Chevrolet,Optra,2008
Changan,V7,2017
BMW,218,2016
BMW,X6,2021
Kia,Cerato,2009
BMW,Z4,2020
Kia,Pegas,2020
BMW,330,2022
Audi,Q2,2020
Jeep,Grand Cherokee,2022
Mercedes-Benz,E250,2012
Peugeot,207,2011
BMW,118,2020
Chevrolet,Pickup/Dababa,2006
Volkswagen,Golf,2012
Isuzu,Other,2003
Lada,Granta,2015
Peugeot,508,2018
Mitsubishi,Lancer,2014
Volkswagen,Passat,2010
Renault,Duster,2017
Audi,A6,2020
Brilliance,X30,2016
Porsche,Other,2022
Renault,Duster,2015
Volkswagen,Tiguan,2009
Kia,Sportage,2015
Nissan,Juke,2017
Peugeot,3008,2015
Seat,Toledo,2016
Citroen,DS7,2019
Hyundai,Veloster,2012
Skoda,Rapid,2015
Kia,Cerato,2013
Citroen,C-Elysée,2021
Hyundai,I10,2008
Skoda,Octavia,2016
Chevrolet,Aveo,2007
Porsche,Macan,2015
MINI,Cooper,2018
Peugeot,508,2020
Chevrolet,Pickup/Dababa,2011
BMW,X4,2016
Nissan,Sunny,2008
Land Rover,Range Rover Sport SVR,2017
Nissan,Sunny,2016
Kia,Shuma,2000
Jac,S7,2019
Mercedes-Benz,A200,2022
Jeep,Cherokee,2014
BMW,X1,2021
Hyundai,Verna,2019
Renault,Logan,2019
BMW,X7,2021
Mercedes-Benz,S500,2002
Fiat,Bravo,2011
Seat,Arona,2022
Skoda,Octavia,2019
Peugeot,406,2003
Daihatsu,Grand Terios,2016
BMW,218,2017
BYD,F3,2014
Jeep,Wrangler,2015
Suzuki,Ciaz,2015
Volkswagen,Caddy,2008
Faw,Pickup,2016
Ford,Focus,2016
Kia,Ceed,2016
Opel,Corsa,2003
Jac,J7,2022
Renault,Sandero,2016
DFSK,Other,2010
BMW,320,2021
Suzuki,Maruti,2008
Volvo,XC90,2020
Renault,Megane,2000
Daihatsu,Terios,2009
Opel,Meriva,2016
Nissan,Bluebird,2009
Nissan,Other,2014
Volkswagen,Jetta,2012
Volkswagen,Polo,2010
Mercedes-Benz,E200,2020
Ford,Focus,2011
Jaguar,XF,2016
Chery,Other,2022
Mercedes-Benz,C230,2008
Toyota,Land Cruiser,2007
Brilliance,V5,2013
Kia,Rio,2014
Mitsubishi,Lancer,2017
Jeep,Liberty,2004
Seat,Leon,2014
Hyundai,Getz,2009
BMW,X2,2020
Audi,A4,2018
Mercedes-Benz,E200,2019
Fiat,Siena,2003
Jaguar,Other,2022
Speranza,A113,2012
Fiat,Punto,2003
Renault,Fluence,2015
Maserati,Ghibli,2015
Nissan,Sunny,2014
Brilliance,V5,2015
Mercedes-Benz,S400,2014
Lifan,Other,2013
Suzuki,Alto,2013
Chery,Tiggo,2021
BMW,X4,2017
MINI,Cooper s,2005
Seat,Ibiza,2022
Ford,Focus,2015
Chevrolet,Optra,2014
Chevrolet,Captiva,2012
Chery,Envy,2017
Suzuki,Van,2015
Porsche,Cayenne,2022
Suzuki,Dzire,2022
Mazda,3,2009
Mitsubishi,Pajero,2015
Renault,Sandero Stepway,2015
BMW,523,2000
Chevrolet,Pickup/Dababa,2022
Mercedes-Benz,CLA 200,2021
Citroen,C4,2015
Peugeot,2008,2015
Peugeot,301,2022
Honda,City,2010
Opel,Astra,2005
Jeep,Renegade,2020
BMW,750,2011
Chevrolet,Pickup/Dababa,2015
Volvo,s60,2015
Volkswagen,Golf,2005
Renault,Fluence,2010
Hyundai,Creta,2017
Chevrolet,Lanos,2011
Toyota,Fortuner,2017
Mitsubishi,Other,2016
Opel,Astra,2018
Speranza,Tiggo,2017
Chevrolet,N300,2019
Ford,Fusion,2018
Peugeot,5008,2019
MG,MG 750,2017
MINI,Cooper Paceman,2013
Mercedes-Benz,CL-Class,2007
Mercedes-Benz,S500,2007
Mercedes-Benz,S350,2006
Jeep,Renegade,2021
Jeep,Wrangler,2016
Citroen,Jumpy,2008
Toyota,Fortuner,2022
Nissan,Sunny,2015
BMW,525,2019
Nissan,Sunny,2004
Renault,Duster,2022
Kia,Sportage,2018
Jeep,Grand Cherokee,2005
Skoda,Kodiaq,2018
Honda,City,2011
BYD,F0,2013
Speranza,Tiggo,2011
Mitsubishi,Pajero,2021
Volkswagen,Passat,2007
Mercedes-Benz,E180,2021
MINI,Countryman S,2019
Mercedes-Benz,CLS,2017
Toyota,Auris,2013
Other make,Other,2017
Renault,Megane,2006
Mazda,3,2019
Geely,Pandido,2010
BMW,318,2011
Mitsubishi,Pajero,2016
Chevrolet,Aveo,2020
BMW,535,2015
Ssang Yong,Tivoli,2019
Zotye,T600,2019
Mazda,3,2014
Suzuki,Van,2013
Peugeot,5008,2020
Ford,Focus,2007
Toyota,Camry,2008
Porsche,Cayenne,2011
Fiat,Siena,2001
Nissan,Tiida,2014
Jeep,Liberty,2003
Bentley,Flying Spur,2015
Mercedes-Benz,B200,2014
Volvo,XC90,2021
Isuzu,D-Max,2018
Skoda,Kodiaq,2020
Skoda,Octavia,2022
Audi,A3,2019
Speranza,Envy,2017
Volkswagen,Golf,2017
Fiat,Grand Punto,2019
Volkswagen,Tiguan,2016
Kia,Sportage,2023
Peugeot,308 SW,2010
Mercedes-Benz,CLS,2020
Volkswagen,Passat,2013
Jetour,X70,2021
Suzuki,Maruti,2013
BMW,330,2017
Jeep,Grand Cherokee,2018
Mitsubishi,Lancer,2003
Nissan,Juke,2012
Fiat,Shahin,2004
Kia,Carens,2016
Citroen,C5,2022
Changan,EADO,2022
Fiat,Doblo,2021
Mercedes-Benz,E250,2017
Nissan,Qashqai,2022
Land Rover,Evoque,2020
Mercedes-Benz,C200,2009
Opel,Astra,2012
BMW,318,2019
Dodge,Charger,2010
Lada,2107,2009
BMW,418,2016
Chevrolet,Aveo,2008
Hyundai,Accent,2011
Audi,Q5,2015
BMW,X1,2019
Mercedes-Benz,GLK 250,2014
BMW,X1,2023
Mitsubishi,Outlander,2000
Lada,Granta,2016
Chrysler,Pacifica,2005
Toyota,Land Cruiser,2000
Hyundai,Sonata,2011
Porsche,Boxster,2006
Chevrolet,N300,2016
Land Rover,Defender,2021
BMW,320,2020
Hyundai,H1,2001
Skoda,Octavia,2007
Honda,Civic,2016
Volkswagen,Passat,2014
Jeep,Wrangler,2013
Seat,Ateca,2021
Chevrolet,Camaro,2016
Bentley,Continental,2015
Cadillac,Escalade,2018
Seat,Cordoba,2001
Citroen,C5,2015
Nissan,Sentra,2022
Rolls Royce,Ghost,2013
BMW,Other,2013
BMW,X5,2020
Mercedes-Benz,C240,2003
Chevrolet,N300,2022
Seat,Ateca,2020
Mercedes-Benz,C180,2016
Porsche,Panamera,2013
Toyota,Belta,2022
BMW,320,2017
Mitsubishi,Lancer,2005
Mitsubishi,Eclipse,2018
Mazda,Other,2000
Citroen,C5,2021
Daewoo,Lanos,2003
Hyundai,Bayon,2022
Toyota,Fortuner,2019
BMW,525,2007
BMW,X6,2016
Suzuki,Van,2014
BMW,328,2013
Opel,Insignia,2015
Nissan,X-Trail,2009
Mercedes-Benz,C200,2008
Porsche,Cayenne,2019
Suzuki,Van,2009
Mazda,3,2008
Honda,Jazz,2005
Seat,Arona,2019
Fiat,Bravo,2013
Land Rover,Range Rover,2015
Porsche,Cayenne,2003
BMW,X5,2007
Dodge,Ram,2011
Seat,Ateca,2018
Skoda,Octavia,2018
Tesla,Model 3,2021
Hyundai,Santamo,2001
Toyota,Corolla,2015
Opel,Astra,2007
Audi,A3,2023
Lada,2110,2006
Audi,Q8,2022
King Long,Van,2016
Mercedes-Benz,C180,2008
Peugeot,208,2023
BMW,530,2019
BMW,525,2006
Renault,Kadjar,2018
Nissan,Tiida,2011
Fiat,Linea,2009
Other make,Other,2007
Daewoo,Nubira,2005
Toyota,Avanza,2008
Kia,Cerato Coupe,2013
Mercedes-Benz,S450,2019
Suzuki,Pick up,2021
Mercedes-Benz,C180,2002
BMW,520,2001
Mercedes-Benz,C280,2009
Chevrolet,Camaro,2012
Chevrolet,Pickup/Dababa,2021
Chevrolet,Lanos,2010
Tesla,Model Y,2023
Peugeot,2008,2020
Ford,Edge,2011
Mercedes-Benz,C180,2015
Mercedes-Benz,CLA 180,2022
Mazda,3,2015
Mercedes-Benz,E240,2002
Mercedes-Benz,Other,2010
Fiat,500,2018
Tesla,Model 3,2023
Toyota,Rush,2020
Audi,A7,2016
Volkswagen,Passat,2008
Fiat,500,2017
Proton,Preve,2019
Hyundai,Matrix,2006
Volkswagen,ID4,2008
BMW,520,2004
Toyota,Corolla,2018
Renault,Megane,2017
Skoda,Octavia,2006
Chrysler,Town and Country,2006
Jeep,Renegade,2014
Chevrolet,Aveo,2011
BMW,320,2011
Jaguar,F-Pace,2021
MG,RX5,2020
BMW,218,2021
Jeep,Liberty,2007
Skoda,Karoq,2022
GMC,Sierra,2016
Chery,Tiggo,2019
Nissan,Juke,2014
Mercedes-Benz,GLC 250,2021
Changan,Alsvin,2021
Volkswagen,Polo,2009
Kia,Carens,2015
Mercedes-Benz,E180,2016
Land Rover,LR3,2009
Mercedes-Benz,S500,2015
Ford,Kuga,2017
Mercedes-Benz,Other,2019
Chevrolet,Cruze,2010
Kia,Sportage,2016
Proton,Saga,2021
Hyundai,IX35,2011
Porsche,Cayenne,2009
Daihatsu,Terios,2013
Audi,A4,2013
Fiat,500X,2016
Mercedes-Benz,E230,2008
Volkswagen,Tiguan,2014
Subaru,Legacy,2004
Nissan,Sentra,2020
Citroen,DS3,2014
Audi,Q3,2022
Kia,Soul,2016
Citroen,C4,2020
Land Rover,Range Rover Sport,2019
Brilliance,Galena,2007
MINI,Cooper,2015
Honda,Civic,2018
Mitsubishi,Lancer,2013
BMW,316,2000
Isuzu,D-Max,2016
Suzuki,Alto,2019
Citroen,DS7,2022
Mercedes-Benz,E200,2013
GMC,Yukon,2003
Mercedes-Benz,A200,2020
Mercedes-Benz,B180,2014
Dodge,Ram,2021
Land Rover,Range Rover Vogue,2014
BMW,640,2014
Mercedes-Benz,GLS,2021
Land Rover,Evoque,2017
BMW,523,2008
Ford,Focus,2022
Ford,Fusion,2017
Volkswagen,Jetta,2011
Hyundai,Santa Fe,2011
Toyota,Corolla,2017
Hyundai,Sonata,2012
Renault,Kadjar,2019
Chevrolet,N300,2015
Suzuki,S-Presso,2008
Jeep,Commander,2007
Chevrolet,Cruze,2013
BMW,528,2000
Daewoo,Nubira,2001
Hyundai,Elantra,2009
Daewoo,Nubira,2000
Honda,Civic,2009
Suzuki,Pick up,2012
Seat,Leon,2020
BMW,320,2010
Kia,Carens,2013
Mercedes-Benz,C200,2020
Hyundai,Verna,2017
Suzuki,Maruti,2001
Seat,Ibiza,2015
Audi,A4,2007
MINI,Countryman,2018
Toyota,Rush,2022
BMW,X3,2011
Mitsubishi,Eclipse,2020
Jeep,Cherokee,2019
Skoda,Superb,2020
Geely,Other,2022
Hyundai,Avante,2012
Mercedes-Benz,G-Class,2019
Chevrolet,Cruze,2009
BMW,318,2004
Chevrolet,Optra,2013
Mercedes-Benz,E300,2018
Suzuki,Pick up,2016
MINI,Clubman,2018
Suzuki,Van,2018
Mercedes-Benz,G-Class,2020
Jac,S3,2022
BMW,528,2013
MINI,Cooper,2011
Kia,Sorento,2020
Mercedes-Benz,B150,2006
Suzuki,Vitara,2021
Lada,Granta,2019
Other make,Landwind,2007
Nissan,X-Trail,2012
Volkswagen,Passat,2015
Nissan,Sunny,2009
Peugeot,5008,2015
Hyundai,Verna,2018
Speranza,Tiggo,2012
Dodge,Ram,2009
Seat,Toledo,2017
Chrysler,Town and Country,2003
Mercedes-Benz,C180,2021
BYD,F3,2023
Toyota,Corolla,2004
Chevrolet,Lanos,2012
Hyundai,Accent,2000
BMW,320,2022
Land Rover,Range Rover Sport,2010
Renault,Sandero Stepway,2022
Lada,Granta,2018
Proton,Waja,2010
Hyundai,Tucson,2017
Fiat,500X,2022
Toyota,C-HR,2017
BMW,520,2014
Land Rover,Velar,2022
Chevrolet,Lanos,2016
BMW,520,2005
Mercedes-Benz,A200,2014
Renault,Logan,2015
BMW,316,2003
Kia,Soul,2012
Cadillac,Escalade,2017
Volkswagen,Passat,2020
Subaru,Impreza,2008
Brilliance,H530,2022
Renault,Megane,2019
Nissan,Other,2009
BMW,520,2020
Chevrolet,Malibu,2021
BYD,L3,2022
Opel,Insignia,2014
Chevrolet,Optra,2009
Fiat,Doblo,2015
Proton,Gen-2,2008
Jaguar,XF,2013
BMW,X5,2023
Renault,Kadjar,2022
MG,RX5,2022
Skoda,Rapid,2013
Toyota,Fortuner,2013
Volkswagen,Other,2005
BMW,X3,2017
Cadillac,Escalade,2014
Porsche,Macan,2021
Porsche,Cayenne,2020
Opel,Corsa,2004
Mitsubishi,Lancer,2006
Skoda,Kamiq,2022
Mercedes-Benz,GLE-Class,2016
Infiniti,Q,2018
Audi,A3,2017
Daewoo,Zaz,2004
Skoda,Octavia,2011
Tesla,Model X,2018
Speranza,A113,2008
Citroen,C4 Picasso,2015
Fiat,Petra,2004
Volkswagen,Golf,2010
Mercedes-Benz,C280,2008
Mercedes-Benz,S560,2008
Jeep,Renegade,2019
BMW,520,2015
Speranza,Tiggo,2009
Land Rover,Velar,2019
Mercedes-Benz,Other,2021
Speranza,A516,2009
Peugeot,5008,2023
Chery,Tiggo,2020
Renault,Captur,2016
Lada,2107,2004
Other make,Mahindra,2009
Jaguar,F-Pace,2018
Suzuki,Van,2022
Audi,Q5,2010
Mercedes-Benz,E200,2023
Speranza,M11,2011
Hyundai,I10,2022
BYD,F3,2015
Volvo,XC60,2012
Fiat,Doblo,2017
Toyota,Corolla,2001
Mitsubishi,Xpander,2019
Porsche,Cayenne,2008
Porsche,Macan,2017
Other make,Other,2020
Brilliance,Jinbei,2015
Mitsubishi,Eclipse,2021
Lifan,320,2015
Kia,Carnival,2006
Seat,Ibiza,2010
Mercedes-Benz,E250,2015
Chevrolet,Aveo,2018
Renault,Sandero Stepway,2019
Renault,Clio,2004
Peugeot,207,2008
Mitsubishi,Pajero,2006
Senova,A1,2016
BMW,740,2019
Peugeot,405,2003
Kia,Picanto,2011
BMW,418,2022
Peugeot,405,2007
Peugeot,407,2005
Toyota,Hilux,2008
BMW,X5,2021
Saipa,Tiba,2015
Hyundai,Accent,2022
Kia,Rio,2004
Kia,Cerato,2008
Chevrolet,N200,2010
BMW,116,2009
Hyundai,Verna,2006
Renault,Sandero Stepway,2017
Skoda,Scala,2022
Audi,A4,2008
Ssang Yong,Tivoli,2017
Skoda,Rapid,2016
Seat,Toledo,2018
BMW,320,2008
Mercedes-Benz,C180,2012
Chevrolet,Pickup/Dababa,2009
Mercedes-Benz,A200,2013
Kia,Other,2010
Audi,A6,2022
Mercedes-Benz,GLE-Class,2021
Hyundai,Sonata,2002
Audi,TT,2002
Renault,Duster,2023
Nissan,Tiida,2009
Honda,Civic,2017
Renault,Clio,2008
Suzuki,Alto,2007
Honda,City,2005
Peugeot,307,2006
Peugeot,3008,2016
Daewoo,Lanos,2011
Renault,Duster,2013
Mercedes-Benz,E230,2009
Chevrolet,Pickup/Dababa,2018
DFSK,Glory 330,2022
Suzuki,Maruti,2011
Land Rover,Range Rover Sport,2016
Subaru,XV,2014
MG,HS,2022
Daewoo,Lanos,2001
Daewoo,Nubira,2007
Mercedes-Benz,E200,2010
BMW,X3,2010
Toyota,Yaris,2019
Audi,A5,2023
Mercedes-Benz,E200,2017
Mercedes-Benz,C200,2023
Land Rover,Range Rover Vogue,2015
Daewoo,Nubira,2008
Citroen,C5,2012
Toyota,Corolla,2003
Mercedes-Benz,CLA 180,2018
Mercedes-Benz,B180,2015
Jeep,Liberty,2005
Audi,A3,2008
Land Rover,Discovery,2020
Opel,Grandland,2019
Chery,Other,2018
Changan,Benni mini,2017
Hyundai,Matrix,2011
Ford,Ka,2009
Hyundai,Solaris,2016
Suzuki,Maruti,2009
Kia,Cerato,2004
BMW,218,2015
BMW,X1,2011
Mercedes-Benz,GLS,2023
Nissan,Pickup,2009
Hyundai,I20,2022
BMW,X1,2015
BMW,X1,2014
Skoda,Superb,2018
Daewoo,Nubira,2009
Nissan,Sentra,2023
Opel,Astra,2009
Daewoo,Lanos,2005
Opel,Astra,2004
Volkswagen,Passat,2019
Hyundai,Tucson,2018
Opel,Vectra,2002
Subaru,XV,2018
Suzuki,Ciaz,2021
Peugeot,208,2022
Kia,Picanto,2009
Kia,Rio,2016
Suzuki,Pick up,2022
Bentley,Flying Spur,2021
Mercedes-Benz,E200,2002
Lada,Other,2008
Fiat,Siena,2002
BMW,528,2016
Suzuki,Van,2017
Ford,Focus,2013
Mercedes-Benz,GLC 250,2020
Mercedes-Benz,GLA 200,2020
Ford,Fiesta,2012
Renault,Sandero,2012
Nissan,Sentra,2019
Ssang Yong,Tivoli XLV,2017
Land Rover,Range Rover Vogue,2019
Brilliance,V5,2014
Volkswagen,Tiguan,2018
Mercedes-Benz,GLA 200,2016
Brilliance,Galena,2008
Mitsubishi,Eclipse,2019
