gender,age,birthdate,username,email
M,37,1985-04-08,carneyabigail,brooksamy@gmail.com
M,73,1950-01-29,jrice,clarkamanda@yahoo.com
M,91,1932-02-25,perezkerry,garciastacy@hotmail.com
F,91,1931-10-27,danny00,benjaminwagner@gmail.com
F,83,1939-06-01,jennifer87,richard21@hotmail.com
F,28,1995-01-08,zmooney,emilyhill@yahoo.com
M,23,2000-02-05,jsmith,michaelweber@hotmail.com
F,24,1998-07-16,walkerdavid,christina90@hotmail.com
M,42,1981-03-09,dawn16,rodriguezerin@gmail.com
M,72,1950-09-23,hhill,ericholloway@gmail.com
F,30,1992-07-18,michaelallen,michaeldouglas@yahoo.com
M,73,1949-08-08,ibowen,scottchad@gmail.com
M,72,1950-11-22,hday,mark56@hotmail.com
M,64,1958-08-17,carolyn98,jenniferkoch@yahoo.com
F,69,1953-04-29,xlowery,floresdeanna@hotmail.com
M,89,1933-08-17,ronaldpeterson,dylanhernandez@yahoo.com
F,20,2003-03-04,turnermark,christineavila@hotmail.com
F,92,1931-02-06,robertnelson,edwardsjacob@hotmail.com
F,38,1984-08-07,perezelizabeth,donna67@yahoo.com
F,19,2003-11-16,jaredwoods,cassidy44@hotmail.com
M,27,1996-03-16,ritaward,peterfletcher@hotmail.com
F,44,1979-02-25,laura71,juan26@hotmail.com
M,75,1948-03-05,grace57,gharris@hotmail.com
F,73,1950-02-14,dunlaprickey,amy65@hotmail.com
M,38,1985-03-08,garnermichele,harmonjimmy@yahoo.com
F,33,1990-01-09,athomas,oparker@yahoo.com
M,83,1939-11-23,cjackson,rthompson@hotmail.com
M,80,1943-03-13,vanessa12,isabelladavis@yahoo.com
F,63,1960-03-20,perezbrenda,rhodeswilliam@hotmail.com
M,56,1966-05-08,ncarroll,pricejeremy@gmail.com
F,72,1950-12-25,nelsonjeffery,ebell@gmail.com
F,18,2004-09-21,ebonysanchez,martinezamy@hotmail.com
F,23,1999-07-15,vtorres,pamelamorgan@gmail.com
F,94,1929-02-17,ptaylor,jeffreyhall@gmail.com
M,30,1992-08-21,ymartin,baldwinkimberly@hotmail.com
M,97,1925-05-01,gabriellepierce,david09@yahoo.com
F,81,1941-09-25,scalhoun,antoniomendoza@yahoo.com
M,54,1969-03-13,john47,elizabeth03@gmail.com
F,49,1973-12-26,kreed,elizabethalvarez@hotmail.com
F,35,1987-05-18,hinesheather,christopherpowers@yahoo.com
M,41,1981-03-31,angelaharrell,james90@yahoo.com
F,99,1923-09-14,wblack,hilljoel@hotmail.com
F,70,1953-01-17,blopez,susanproctor@yahoo.com
F,40,1982-10-18,theresa41,wilsonpaul@gmail.com
F,50,1972-11-23,leahclark,sherrycampbell@gmail.com
M,97,1925-08-16,yvazquez,christian03@yahoo.com
F,56,1966-08-07,vpierce,afoley@yahoo.com
F,85,1937-04-02,woodluke,allenkimberly@hotmail.com
F,58,1964-06-02,hawkinsjoseph,stephanie16@gmail.com
M,53,1969-07-10,mweeks,christian34@hotmail.com
M,21,2001-04-30,dale97,jasonneal@yahoo.com
M,50,1973-01-28,xlambert,christopherschwartz@yahoo.com
M,46,1976-05-30,jenniferstark,hughesdaniel@yahoo.com
M,88,1934-09-26,ljohnson,kimgreene@gmail.com
F,37,1985-12-15,hendersonmatthew,janebennett@yahoo.com
F,78,1944-06-14,angela72,pjohnson@hotmail.com
M,48,1974-06-28,wesley53,hbranch@yahoo.com
F,98,1924-06-29,bethlewis,robert59@gmail.com
F,46,1977-02-15,rgarrison,karenwoods@yahoo.com
M,46,1976-05-17,gonzalezsandra,dthompson@yahoo.com
M,24,1998-09-11,frank51,ronaldwhite@gmail.com
F,95,1928-02-21,lopezmatthew,kingmatthew@hotmail.com
M,48,1974-04-13,thompsonmark,justin44@gmail.com
F,32,1990-10-21,hjames,swilliamson@yahoo.com
F,70,1952-09-06,carolwilson,wdawson@gmail.com
M,41,1981-10-24,nathanlang,annetteparker@hotmail.com
M,35,1987-05-23,wfrank,butlerjoseph@gmail.com
F,92,1930-06-01,torrescandice,helenhodges@hotmail.com
F,39,1983-11-04,shawn25,williamskarla@yahoo.com
F,64,1958-06-14,kenneth93,cbenson@hotmail.com
M,27,1995-07-10,pwoodward,sara30@yahoo.com
M,95,1928-01-20,amy21,grossfred@hotmail.com
M,21,2002-01-08,wstanton,rodney45@yahoo.com
F,82,1941-01-15,lisa61,davidsoneric@gmail.com
F,37,1985-05-31,leonard08,andremoses@hotmail.com
M,55,1967-05-18,jeffreygrant,randy44@gmail.com
M,21,2001-08-23,anthony49,eguerra@yahoo.com
M,42,1980-11-09,krista86,alan35@hotmail.com
F,34,1988-10-11,emcknight,xburnett@yahoo.com
F,97,1925-10-12,kevinaguirre,qboyd@gmail.com
M,53,1969-06-19,melissa47,jasonbennett@yahoo.com
F,36,1986-11-23,deandanielle,johnlewis@gmail.com
M,56,1967-03-25,hilldaniel,sandradavis@yahoo.com
M,25,1998-03-11,fwilliams,jwilson@gmail.com
F,95,1927-11-05,jennifergardner,xmaldonado@hotmail.com
M,92,1930-08-05,qsalazar,tjackson@yahoo.com
F,60,1963-02-13,cliffordlopez,nicholasweber@gmail.com
M,19,2003-10-07,jeffreycallahan,brianlee@hotmail.com
F,60,1962-12-01,grayanthony,catherinerogers@gmail.com
F,59,1963-06-29,corey49,njackson@gmail.com
M,41,1981-08-05,churchmelissa,meyerjulian@gmail.com
F,22,2001-03-23,chasemichael,parrishchristina@gmail.com
F,45,1978-02-25,bauerandrea,sheila30@yahoo.com
M,23,1999-12-30,warrenjennifer,perezmichael@yahoo.com
M,27,1995-05-06,riggsdavid,amandahurley@hotmail.com
F,56,1966-08-11,ccortez,meganschneider@yahoo.com
M,60,1962-06-18,tortiz,catherinereid@gmail.com
F,63,1959-06-14,patelkimberly,robert52@yahoo.com
F,32,1990-07-14,estradajoshua,donna21@yahoo.com
F,100,1922-10-10,garciajoshua,kennethjohnson@yahoo.com
M,100,1922-08-09,smithhannah,trevor90@hotmail.com
M,46,1976-10-24,corey85,dustinrivera@hotmail.com
F,77,1945-04-13,nashbailey,banksjessica@gmail.com
M,47,1975-07-17,tylerbryan,dianawebb@gmail.com
M,18,2005-03-25,kellyvaughn,qanderson@hotmail.com
M,71,1952-01-25,pedro86,schmittmegan@hotmail.com
F,32,1990-05-27,jamesholland,kristi43@yahoo.com
M,61,1961-09-07,garciatroy,fishermichael@gmail.com
F,70,1953-01-26,yatesaustin,dhouston@gmail.com
F,89,1933-07-19,lwilliams,matthewwoods@hotmail.com
F,84,1938-05-29,hailey50,griffinronald@gmail.com
F,49,1973-05-08,umccann,karla21@yahoo.com
M,70,1952-04-09,wphillips,amanda08@hotmail.com
F,71,1952-03-12,ybradley,cortezrobin@yahoo.com
F,43,1980-01-13,jeremy69,wstevenson@gmail.com
M,27,1995-04-14,whitejorge,vholmes@hotmail.com
M,84,1938-12-25,bgarner,lunamichael@gmail.com
F,25,1997-09-26,hudsonsusan,wilsonmatthew@hotmail.com
M,76,1946-04-26,marydavis,chad40@gmail.com
M,43,1979-11-16,colemantracy,vschwartz@yahoo.com
F,86,1936-05-18,marissa38,smithjennifer@gmail.com
F,53,1970-03-05,ldominguez,bellian@hotmail.com
F,43,1979-09-30,natasha05,christopherhendricks@yahoo.com
F,24,1998-12-14,riveraeduardo,corey90@gmail.com
F,25,1998-01-20,micheal50,nicholas00@hotmail.com
F,76,1946-05-01,julie99,meyersdavid@yahoo.com
M,90,1932-05-28,ismith,zcampbell@gmail.com
F,18,2004-09-02,garciathomas,zlewis@yahoo.com
F,60,1962-04-02,lprice,emilyjames@gmail.com
F,37,1985-12-01,jennifer02,brookemarquez@yahoo.com
M,30,1992-04-29,veronicamoran,michelle47@hotmail.com
F,62,1960-05-01,lindastanley,lucas87@hotmail.com
F,60,1962-04-06,deborahlane,janet09@yahoo.com
F,29,1993-09-22,isexton,alyssacrosby@gmail.com
M,73,1949-08-15,fordmatthew,theresa36@hotmail.com
M,27,1995-04-13,jennifer54,phelpsmichael@gmail.com
F,18,2004-04-11,lambertallison,eatonnicholas@yahoo.com
F,19,2003-05-18,reyesdavid,shannonkiara@yahoo.com
M,35,1987-04-19,cwhite,christina97@gmail.com
F,39,1983-04-09,richardjimenez,brittany01@gmail.com
M,41,1982-03-17,darren17,canderson@hotmail.com
M,98,1925-01-04,tbryant,irivera@gmail.com
F,91,1932-03-02,clarkkaren,davidoliver@hotmail.com
M,20,2002-12-06,rodriguezeric,john39@yahoo.com
M,52,1970-06-05,joanne10,willie42@gmail.com
M,83,1939-11-30,robin35,donald67@yahoo.com
F,58,1964-09-05,pollardhannah,cherylcarson@hotmail.com
M,71,1951-06-22,shannongriffin,robinsonjoseph@hotmail.com
M,34,1988-04-13,scook,rhernandez@gmail.com
M,60,1962-03-31,toddromero,nicolemaynard@hotmail.com
F,41,1981-08-04,michaelagillespie,kelly64@yahoo.com
M,48,1975-02-08,coreyrogers,meredith45@hotmail.com
F,35,1988-02-04,patrick79,qrios@gmail.com
F,78,1944-09-16,owilliams,jeremy79@yahoo.com
M,100,1923-01-04,darlenevaughn,joneskenneth@gmail.com
M,82,1940-12-05,jeffrey27,william80@hotmail.com
M,18,2004-08-20,ccook,pburns@gmail.com
M,89,1934-02-06,ubauer,edward22@hotmail.com
M,51,1971-11-17,arichardson,paul89@gmail.com
M,53,1970-01-14,rhodesmichael,bakerlisa@gmail.com
F,60,1962-06-17,tcastillo,mooneyamber@yahoo.com
M,89,1933-04-30,rollinsmelinda,sarah60@hotmail.com
M,74,1948-07-07,lauren83,christopher17@yahoo.com
M,70,1952-05-21,stevenvazquez,powellmary@yahoo.com
F,28,1994-05-22,pwyatt,stevenwilliams@yahoo.com
F,42,1980-05-02,lewisscott,david37@gmail.com
M,24,1998-04-22,danielleaustin,smoore@yahoo.com
M,65,1957-09-18,williamsmanuel,garciasean@hotmail.com
M,35,1987-04-02,sarah87,weaverderrick@hotmail.com
M,42,1980-07-16,randyjones,rbernard@hotmail.com
F,55,1967-04-17,justin46,larry17@hotmail.com
F,88,1934-05-08,josephavila,cvelazquez@gmail.com
M,22,2001-03-01,jessicabell,jacob07@gmail.com
M,24,1998-04-22,rayedgar,john00@yahoo.com
M,43,1980-02-28,jenniferfrank,nobleshaun@yahoo.com
F,20,2003-02-19,sarahbrewer,perryjennifer@yahoo.com
M,83,1939-06-23,petersdavid,fbrooks@yahoo.com
M,38,1984-08-09,cynthiajones,enguyen@yahoo.com
M,36,1986-09-29,hannahphillips,gloria35@gmail.com
M,97,1926-03-17,jcallahan,nancy89@hotmail.com
M,78,1944-09-01,thompsonsteven,lgibbs@gmail.com
F,54,1969-02-03,daniellehendrix,xparker@yahoo.com
M,59,1964-02-24,vrichardson,aguirrehannah@hotmail.com
M,53,1969-07-23,butlerchristina,irichards@hotmail.com
M,66,1956-08-29,snyderwilliam,qherman@gmail.com
F,35,1987-11-13,ulevine,bclark@yahoo.com
F,76,1946-10-09,tylerpeterson,kristi45@hotmail.com
F,39,1983-08-23,michael65,tylergibson@hotmail.com
M,81,1941-06-07,paulrichardson,johnsoncheryl@yahoo.com
M,45,1977-08-03,andrea11,sarahosborn@hotmail.com
M,74,1948-11-13,smithveronica,flloyd@gmail.com
M,46,1977-02-08,walshbruce,jennifer10@yahoo.com
F,85,1937-12-30,reedlarry,aguirreeric@hotmail.com
M,85,1937-10-21,joseph08,daniel66@hotmail.com
M,71,1951-07-20,ilopez,bellamy@gmail.com
M,52,1971-02-04,marycollins,perkinsjustin@yahoo.com
F,55,1967-04-16,phelpstammy,zacharysnyder@gmail.com
F,21,2001-08-31,larry57,piercewyatt@gmail.com
M,42,1980-11-28,thomastaylor,jlevy@gmail.com
F,66,1956-08-01,fbarnes,brett20@hotmail.com
F,95,1927-04-23,amybuck,kingchristine@hotmail.com
M,29,1993-12-02,lutzmelissa,anthonyday@hotmail.com
F,61,1961-11-26,maurice65,jacobcarter@yahoo.com
M,69,1953-11-30,shernandez,cynthiaschneider@gmail.com
M,30,1992-07-05,ffrank,veronicamoore@gmail.com
M,75,1948-02-18,deborahacosta,sherry97@gmail.com
F,25,1997-10-25,rebeccapreston,holdermelissa@yahoo.com
F,32,1990-09-12,riveragarrett,rhunt@hotmail.com
F,39,1983-12-28,frostdavid,omar64@hotmail.com
M,23,1999-06-22,angelacastaneda,johnwilliams@yahoo.com
M,73,1949-09-20,rrodriguez,pthompson@yahoo.com
F,99,1924-01-28,harrellcurtis,carrmegan@yahoo.com
F,62,1961-01-20,pam80,aallen@gmail.com
M,36,1986-10-28,traviswilson,vasquezsteven@gmail.com
F,97,1925-05-16,melissa75,diana33@hotmail.com
M,26,1996-08-05,juan47,ocuevas@yahoo.com
M,100,1922-12-09,heather98,dmorton@hotmail.com
F,32,1990-08-23,rodriguezjenna,butlerfaith@yahoo.com
M,27,1995-05-08,megan83,uharper@yahoo.com
M,54,1968-07-27,jasonadams,smithlisa@gmail.com
F,95,1927-12-05,melissalamb,ronald62@hotmail.com
M,56,1966-09-23,cpacheco,hernandezjohn@gmail.com
F,54,1968-06-20,jameschristian,kyle89@yahoo.com
F,75,1947-11-22,bailey91,apayne@hotmail.com
F,29,1993-09-21,dodsonclayton,yfarmer@yahoo.com
M,73,1949-12-25,hortonedward,calebjohnson@yahoo.com
M,96,1926-07-24,amybell,deckerroy@hotmail.com
F,41,1981-08-28,melissa81,lorihall@gmail.com
F,66,1956-07-28,troy45,travislong@yahoo.com
M,86,1936-10-18,victoria67,probinson@hotmail.com
F,31,1992-03-10,gloria28,hannahdelacruz@yahoo.com
F,84,1938-11-08,arnolddaniel,sharonsmith@yahoo.com
F,45,1977-04-16,ashleyjason,manuelmorales@gmail.com
M,56,1966-05-29,elizabethvega,williamsconnie@gmail.com
F,40,1982-05-10,brooksrobert,hayesrichard@hotmail.com
F,75,1947-05-19,jason81,louiswright@hotmail.com
F,38,1984-09-14,rmorgan,whitestephanie@gmail.com
F,50,1972-08-26,carriehoover,lori79@hotmail.com
M,34,1988-08-07,kristina66,melissagriffith@yahoo.com
F,60,1962-12-11,johnvaughn,travis96@gmail.com
M,66,1956-12-09,hscott,juansampson@hotmail.com
F,49,1974-01-15,jonesdavid,james14@gmail.com
M,71,1951-10-29,mercadojessica,micheal00@yahoo.com
M,95,1927-06-30,eduardo38,longlarry@yahoo.com
M,94,1928-07-23,paul64,kelly25@yahoo.com
F,83,1939-03-27,marellano,knightkaitlin@yahoo.com
M,60,1962-12-18,lbrooks,monique19@hotmail.com
F,44,1979-02-11,mary35,phillipskimberly@gmail.com
M,44,1978-05-03,matthew98,april34@yahoo.com
M,97,1925-06-05,melissa54,jonathanmyers@yahoo.com
F,60,1962-06-12,robert16,matthew70@yahoo.com
F,96,1926-04-24,arthurrose,carrollbridget@yahoo.com
M,90,1933-03-14,mrobertson,abell@gmail.com
M,93,1930-02-10,hurstmelissa,fernandezjack@hotmail.com
F,48,1974-07-22,john10,bparker@hotmail.com
M,58,1965-01-07,flowersamanda,castilloannette@yahoo.com
M,78,1944-10-31,jeffrey86,qmiller@hotmail.com
F,54,1968-11-28,emma71,ywilliams@hotmail.com
F,61,1961-05-12,pagesamantha,aturner@hotmail.com
M,70,1952-04-20,levyvictoria,xaguilar@hotmail.com
M,94,1928-10-06,curtis37,wlam@hotmail.com
M,86,1936-12-20,michaelrose,andrewcooper@hotmail.com
M,26,1996-04-05,blanchardelizabeth,ashley98@yahoo.com
M,45,1977-07-29,mitchell67,daniel74@yahoo.com
F,49,1973-05-08,normahuerta,xrodriguez@yahoo.com
M,56,1966-05-06,katherine49,williamhenson@yahoo.com
F,62,1960-07-24,ocook,davisnancy@yahoo.com
M,83,1940-01-29,michael48,kevin02@hotmail.com
M,71,1951-04-13,ballardjoseph,abigailbutler@hotmail.com
F,34,1988-08-21,daniel40,durhamjoshua@hotmail.com
F,47,1975-11-06,michellesanchez,janetduran@yahoo.com
M,41,1981-04-11,dawsonkathleen,burkejonathan@gmail.com
F,90,1932-07-23,kristenmarquez,christinabrown@hotmail.com
M,72,1951-01-13,reedjennifer,tonya11@hotmail.com
F,90,1932-12-14,hroberts,qbauer@hotmail.com
F,99,1923-07-12,portermichael,robert59@yahoo.com
M,62,1960-06-13,william64,michael63@gmail.com
M,97,1925-05-08,suzanne59,ydunlap@gmail.com
M,55,1967-10-28,erin22,amy61@hotmail.com
M,48,1974-07-30,caitlynspears,marcbrooks@hotmail.com
F,48,1974-03-30,carolbarker,rdavis@hotmail.com
M,29,1993-09-01,tategary,mcastro@yahoo.com
M,87,1935-11-23,zacharydavila,danielle15@hotmail.com
M,23,1999-11-30,joan28,eric91@gmail.com
M,56,1966-12-12,espinozakevin,christinearmstrong@yahoo.com
F,48,1974-08-26,michael74,zmayo@gmail.com
F,35,1987-12-10,grivera,robersonrobert@yahoo.com
M,32,1991-01-20,jeffreygonzales,halejon@yahoo.com
F,45,1977-09-08,zjackson,jacob27@yahoo.com
F,77,1946-01-28,moralesjoanna,olsonjohn@yahoo.com
M,32,1990-09-10,monica91,elliottshawn@yahoo.com
F,99,1923-12-14,zvargas,brian36@yahoo.com
M,84,1938-04-11,christopherblack,andreagonzalez@yahoo.com
M,25,1997-09-03,brianna11,christina74@yahoo.com
F,65,1957-11-25,xbright,williamdavis@yahoo.com
F,63,1959-04-15,zblake,wallen@hotmail.com
F,57,1966-01-03,faith22,elizabethsavage@yahoo.com
M,41,1981-06-09,stewartchristy,cindygarner@gmail.com
F,44,1978-11-05,stephen64,bradfordkiara@yahoo.com
F,41,1981-08-07,felicia15,nbailey@yahoo.com
F,83,1940-01-12,davismatthew,lisa82@yahoo.com
F,24,1998-10-07,jason28,katrinawhite@hotmail.com
F,72,1950-03-30,gnash,wbaker@gmail.com
F,69,1953-09-16,raymond18,kelseytaylor@hotmail.com
M,58,1964-04-04,xsexton,theresa69@gmail.com
F,93,1929-05-31,jodywhite,hmanning@yahoo.com
M,24,1998-09-13,mariacameron,ronaldmiller@yahoo.com
F,49,1974-02-02,travisregina,fosterjaclyn@gmail.com
M,26,1997-03-24,hernandezdiane,smithjulia@hotmail.com
F,58,1964-05-02,fisherjoshua,vwashington@gmail.com
F,48,1975-03-13,brenda72,brandi71@gmail.com
M,45,1978-03-07,tjohnson,chenmario@gmail.com
F,40,1982-10-09,kemperic,dlucas@yahoo.com
M,55,1967-04-30,williamsdenise,amandaperkins@gmail.com
F,72,1950-04-09,roy83,katrinatorres@hotmail.com
F,98,1924-10-27,zhenderson,wsmith@hotmail.com
F,62,1960-07-18,christopher20,rfrench@yahoo.com
M,45,1978-03-10,vmyers,albert32@gmail.com
M,42,1980-10-29,hfox,smurphy@yahoo.com
M,99,1923-12-02,kimberlybrewer,julie87@yahoo.com
F,81,1942-02-14,david85,jeffreysherman@hotmail.com
M,18,2004-04-02,ncole,leeweaver@gmail.com
M,78,1944-09-09,arobinson,dmullins@gmail.com
F,26,1996-04-20,thomasyoung,ycollins@yahoo.com
M,92,1931-03-25,grayamanda,freemanheather@gmail.com
M,36,1986-03-28,paulvazquez,ericwood@hotmail.com
M,60,1962-04-24,jasonlopez,warnerchristopher@hotmail.com
F,63,1959-12-03,cannonamy,charlesfisher@gmail.com
M,39,1984-02-20,hickmanelizabeth,christopherclark@hotmail.com
F,85,1938-01-14,casey18,michaelharris@gmail.com
F,21,2001-11-29,rivasjonathan,bberg@hotmail.com
F,59,1963-11-29,kathleen57,taylorsarah@gmail.com
M,44,1978-08-01,david74,stacy14@gmail.com
F,27,1995-08-14,smithpatricia,nrussell@hotmail.com
F,84,1938-07-29,asanchez,bartonsean@gmail.com
F,32,1990-12-15,singhmichael,cheryl89@hotmail.com
M,54,1969-02-14,johnsonchristopher,kara76@hotmail.com
M,78,1945-01-24,romeromichael,joyceamanda@yahoo.com
M,29,1994-01-15,aaronharris,jennifermaddox@hotmail.com
M,73,1950-03-10,odyer,lduncan@hotmail.com
M,79,1943-06-17,vtaylor,melanie48@yahoo.com
M,28,1994-07-06,kellytorres,cooperemily@gmail.com
M,32,1990-06-01,grahamjason,scottgraves@gmail.com
F,67,1955-09-28,laurenramirez,jennifer29@hotmail.com
F,52,1970-10-31,gsmith,ajackson@gmail.com
F,30,1992-10-24,craig72,djones@yahoo.com
M,25,1997-08-12,justinestrada,antonio33@hotmail.com
M,73,1949-11-28,alexissanchez,matthew15@yahoo.com
F,93,1929-12-01,holmesdavid,zphillips@yahoo.com
M,100,1922-08-23,donna90,bensondonna@hotmail.com
F,80,1943-03-19,diane26,dennismyers@gmail.com
M,31,1991-12-30,munozcheryl,gregg45@gmail.com
F,97,1925-10-23,kevin21,jason65@gmail.com
F,60,1962-07-14,keith63,lori39@yahoo.com
M,52,1970-10-19,evansmichelle,matthew32@yahoo.com
F,64,1958-12-01,grahamtammy,hburgess@gmail.com
M,68,1955-01-08,tony63,tprice@yahoo.com
M,76,1947-02-11,swansonrobert,gabriellewerner@hotmail.com
M,73,1950-01-26,lynnlauren,raymondbennett@yahoo.com
M,74,1949-03-04,reyeselizabeth,sking@gmail.com
M,45,1977-10-25,alicia91,kthompson@yahoo.com
M,63,1959-12-16,jacksondaniel,tcarr@hotmail.com
M,65,1957-11-08,joann79,bjones@gmail.com
F,81,1942-03-01,parkerdeanna,evelyn54@yahoo.com
F,34,1988-10-25,williamroberts,jonestammy@gmail.com
F,81,1941-11-20,brettrhodes,millerchristopher@yahoo.com
F,82,1940-06-23,fdavis,hughesheather@hotmail.com
F,46,1977-03-24,taylortina,thill@yahoo.com
F,94,1928-05-18,alexander47,andrewmiller@hotmail.com
F,55,1967-04-03,brianmeyer,hendersonjeffrey@yahoo.com
M,48,1974-05-19,jacquelinebarrera,bradleygolden@gmail.com
M,51,1971-06-02,cmiller,dreyes@hotmail.com
M,19,2003-11-11,jeff31,rwilliams@gmail.com
M,36,1986-08-14,currynathan,camposdanny@gmail.com
M,35,1987-07-11,brandypratt,plewis@yahoo.com
F,84,1938-10-25,hwall,uturner@hotmail.com
F,28,1994-05-21,vickiejordan,petersonrobert@hotmail.com
F,89,1933-05-20,elizabeth42,becky05@hotmail.com
F,80,1943-01-07,ngraham,matthewwolf@yahoo.com
F,31,1991-04-10,ross05,stevensonheidi@gmail.com
M,34,1988-07-26,christopherpatel,michaelwilliams@hotmail.com
F,87,1935-06-01,wilsonconnie,annheath@gmail.com
F,37,1986-02-20,jenniferowen,jonathan34@gmail.com
F,73,1949-07-29,matthewhardin,kimberly71@yahoo.com
M,59,1963-10-05,orozcorobert,ryan01@yahoo.com
M,86,1937-01-19,james83,tammymoore@yahoo.com
M,69,1953-10-30,johnsonjoseph,kellyelizabeth@yahoo.com
F,56,1967-01-18,joseph92,hollowayjessica@hotmail.com
M,24,1999-03-19,kimberlydavis,david07@gmail.com
F,80,1942-07-05,ebrowning,christopher36@yahoo.com
M,90,1932-11-07,mcgeewendy,sandra49@yahoo.com
F,58,1964-12-14,tarastewart,shanemoran@yahoo.com
F,97,1925-09-27,heather05,zterry@yahoo.com
F,61,1961-11-03,april44,shawnrodriguez@gmail.com
F,18,2004-07-08,dwells,kellysarah@yahoo.com
M,30,1992-10-21,gardnerbrittany,welchlisa@yahoo.com
F,64,1958-07-28,russellrichardson,doylekathleen@gmail.com
M,46,1977-03-26,davidalvarez,leblanccaitlin@gmail.com
M,75,1948-02-14,john78,joseph41@yahoo.com
M,70,1953-03-25,kyleescobar,jeremy75@hotmail.com
M,38,1984-07-19,tdickerson,emma96@gmail.com
M,99,1924-01-10,ewilliams,cflores@gmail.com
M,86,1936-10-27,ellisvictor,walkermary@yahoo.com
M,23,1999-06-10,zknight,dcole@yahoo.com
M,18,2004-04-22,ccooper,daniel60@gmail.com
F,73,1949-12-26,miguelcastillo,youngconnie@yahoo.com
M,81,1941-11-29,timothy01,christopher92@hotmail.com
F,38,1985-02-08,tgrimes,heathjustin@yahoo.com
M,51,1972-03-25,alecsmith,bensonjoshua@yahoo.com
F,53,1969-05-22,jwoods,yosborne@gmail.com
M,87,1936-01-13,festrada,cwilliamson@gmail.com
F,93,1930-03-13,randygarcia,bgreen@yahoo.com
F,68,1954-05-30,fwolfe,katherine79@hotmail.com
F,58,1964-09-24,gordonmary,yortiz@hotmail.com
F,29,1993-08-28,wesley83,mcarter@yahoo.com
M,38,1984-08-27,tylerpowell,sara32@hotmail.com
M,49,1973-12-08,mitchellshawn,mandyreese@hotmail.com
F,90,1932-09-01,longmary,laurasmith@hotmail.com
M,59,1963-09-21,vwilson,patricia61@hotmail.com
F,74,1948-07-28,coreyjohnson,umaldonado@gmail.com
M,25,1997-06-22,brownmary,cunninghamkristina@hotmail.com
M,26,1996-12-02,daydeborah,tgonzalez@yahoo.com
M,25,1997-06-27,vfletcher,melissahardy@hotmail.com
F,27,1995-10-10,david88,vgarza@hotmail.com
M,30,1992-11-11,steeledenise,nlivingston@hotmail.com
F,45,1977-05-08,egarcia,hwoods@gmail.com
M,40,1982-12-13,smithshane,mark03@yahoo.com
M,67,1956-03-20,qwoods,heathermay@yahoo.com
F,20,2003-01-29,garrisonjonathan,sean32@yahoo.com
F,19,2003-06-17,simpsonluke,griffinvickie@gmail.com
M,70,1952-04-10,rbridges,andreacurtis@yahoo.com
F,83,1940-02-15,jason64,xbaker@yahoo.com
F,95,1927-11-14,meredithwatson,bentleychristine@hotmail.com
F,81,1942-02-04,stevenchang,wpruitt@gmail.com
M,72,1950-03-31,jimmy49,kevin08@yahoo.com
M,45,1977-12-17,danielbowen,brad86@hotmail.com
M,29,1993-12-05,lewisbeth,julia04@gmail.com
M,52,1970-04-13,angelamccarthy,xsolis@gmail.com
M,48,1974-12-30,daniel06,gbowers@hotmail.com
M,30,1992-09-02,andre53,jessica79@hotmail.com
F,94,1929-02-19,opatel,hmcgee@hotmail.com
M,51,1971-05-07,april39,tonya79@hotmail.com
F,84,1938-03-28,dennismegan,lutzamy@gmail.com
F,34,1989-03-15,pamelabrown,jacob64@hotmail.com
M,87,1935-12-08,bthomas,tleblanc@hotmail.com
M,37,1985-04-05,kennethsmith,daniel02@hotmail.com
M,82,1941-01-14,carterkaitlyn,carrolllaurie@yahoo.com
M,96,1927-01-08,adamlove,ryanosborn@gmail.com
M,78,1944-09-07,jacobsonallen,riddlerachel@hotmail.com
M,48,1974-12-31,dawn83,sharon79@yahoo.com
M,27,1995-04-13,matthewallen,amy65@yahoo.com
F,45,1977-09-03,joseph88,slin@hotmail.com
M,41,1981-05-24,pearsonwilliam,wtrujillo@hotmail.com
F,18,2005-03-07,allisoncochran,hperez@yahoo.com
M,24,1999-01-21,rjohnson,heather65@hotmail.com
F,42,1981-02-12,griffinjessica,desiree60@yahoo.com
M,79,1943-07-01,kingbilly,fordjesse@hotmail.com
F,18,2005-03-07,owoods,aingram@hotmail.com
M,91,1931-09-12,shannongrant,munozcarrie@hotmail.com
M,46,1976-12-15,tiffany72,ashleyjason@gmail.com
M,98,1924-05-10,richard97,rebecca99@gmail.com
F,64,1958-07-10,oellis,bentonclayton@gmail.com
M,76,1946-12-17,aking,jonathan43@hotmail.com
M,60,1963-03-09,smithjeremy,jimmyroy@gmail.com
M,60,1962-08-10,harmoneric,adamsjames@yahoo.com
M,85,1937-09-16,lacey57,gtaylor@yahoo.com
F,44,1978-12-27,jose27,suttonbrandon@yahoo.com
F,45,1977-08-08,gloria31,elizabethjones@yahoo.com
M,80,1942-12-04,jonesalexandra,bwebb@gmail.com
M,32,1991-01-26,kknight,tarellano@gmail.com
F,62,1960-08-19,pattonandrea,ybriggs@gmail.com
M,67,1955-10-16,nsmith,ashley26@hotmail.com
M,21,2001-10-30,rflores,uhodges@hotmail.com
M,73,1949-08-31,samantha97,vhawkins@hotmail.com
M,83,1939-05-08,cookeandrew,russellmiles@gmail.com
F,95,1927-04-29,samantha17,elizabethreed@hotmail.com
F,90,1932-11-02,maynardkristen,anthonycruz@yahoo.com
M,58,1964-11-29,zhickman,tmiranda@gmail.com
F,71,1952-03-14,kathrynburton,lpage@hotmail.com
F,87,1935-10-24,michael80,stephaniehess@hotmail.com
F,59,1963-10-15,nbutler,whitejustin@gmail.com
M,29,1993-08-02,kirkwilliam,heather82@hotmail.com
M,47,1975-07-16,phillip25,lisa44@gmail.com
M,71,1951-10-20,gbaker,lewisamy@gmail.com
F,21,2001-05-21,tony02,samantha95@hotmail.com
F,28,1994-12-27,esellers,ojohnson@hotmail.com
M,49,1973-12-12,jacobsonjared,donald14@hotmail.com
M,56,1966-12-16,joseph42,lwilson@yahoo.com
M,81,1941-08-27,melodytaylor,karla22@gmail.com
M,77,1945-04-03,uray,davilatiffany@gmail.com
M,47,1975-07-25,silvadawn,yrice@gmail.com
M,89,1933-10-07,kerrygonzalez,benjaminjones@gmail.com
F,37,1985-05-11,brandon43,simmonsdavid@yahoo.com
F,78,1944-05-02,markfarmer,lindsey27@gmail.com
M,89,1934-03-07,rjohnston,terri85@hotmail.com
M,59,1963-10-26,fedwards,mistymorrison@yahoo.com
M,81,1941-05-19,dianecarter,karenaustin@hotmail.com
M,86,1936-09-28,meganwilliams,priscilla99@yahoo.com
F,76,1946-05-11,rubensoto,rubenpatterson@gmail.com
F,60,1962-10-18,petersmith,brittneysmith@hotmail.com
F,93,1929-08-11,zkelly,cassandra51@yahoo.com
F,69,1953-10-08,qkennedy,amanda01@gmail.com
M,39,1983-11-21,zacharywilkins,bbrown@hotmail.com
M,99,1924-01-19,hartjustin,victorhampton@hotmail.com
F,84,1938-05-30,gregory19,hlyons@gmail.com
F,81,1942-03-14,christopherortiz,dwayne18@hotmail.com
F,93,1929-11-07,cameronjohnson,jenniferhendricks@yahoo.com
M,39,1983-11-10,laurennelson,bobbymurray@hotmail.com
F,94,1928-11-24,mark77,thomascassandra@hotmail.com
F,63,1959-07-13,liukristopher,smithkelly@gmail.com
M,19,2003-09-27,georgeterrance,steven85@hotmail.com
M,27,1995-06-23,gateswilliam,ariasgail@yahoo.com
F,81,1941-06-08,scott36,isteele@yahoo.com
M,62,1960-10-11,cglenn,ustewart@gmail.com
M,18,2004-08-25,samantha08,mhancock@hotmail.com
M,36,1987-02-11,warnerdiana,iyork@yahoo.com
F,35,1987-10-30,kristengrant,qcarter@gmail.com
M,20,2002-06-05,wrightpeter,dominguezbrian@gmail.com
M,28,1994-05-28,vkrause,judywhite@gmail.com
F,37,1985-07-30,snyderjeffrey,cory99@hotmail.com
F,91,1931-09-23,rebeccamccarthy,rileylinda@yahoo.com
M,91,1931-08-31,yacevedo,melissareeves@hotmail.com
F,79,1944-02-15,chrisgonzalez,wthomas@gmail.com
F,80,1943-01-02,duncankara,ssmith@gmail.com
M,35,1987-03-28,randallgarza,michaelscott@hotmail.com
M,59,1963-05-29,michelle95,shirley10@hotmail.com
M,94,1928-09-07,meaton,ndecker@hotmail.com
M,59,1963-06-27,rachelmurray,harrisemily@gmail.com
F,56,1967-02-20,justin64,sean70@hotmail.com
M,90,1932-04-03,laurenmiller,krodgers@gmail.com
F,56,1966-11-21,morrischristopher,kennethmccoy@yahoo.com
M,87,1935-09-12,amorton,zpeterson@gmail.com
F,55,1967-07-27,julianmorgan,melissaburns@hotmail.com
F,77,1946-03-15,jmorris,valeriewang@yahoo.com
F,43,1979-11-14,lwright,richard62@yahoo.com
F,35,1988-01-31,brobertson,edgarsanders@hotmail.com
M,41,1981-08-06,cruzmark,anthonygardner@yahoo.com
M,87,1935-06-03,jennifer09,scott56@yahoo.com
F,23,1999-11-13,farleyjames,john28@hotmail.com
M,20,2002-11-09,christopherruiz,brittany49@yahoo.com
M,69,1953-11-22,imartinez,charding@yahoo.com
F,47,1975-06-08,jennifer78,jporter@yahoo.com
M,88,1935-01-09,vincentburton,davidhartman@hotmail.com
F,48,1974-10-28,vaughanashley,jennifer57@gmail.com
M,45,1977-03-27,williamperry,jhicks@hotmail.com
F,54,1969-03-16,quinnmarc,charles06@hotmail.com
M,82,1940-07-26,jeffreyphillips,martingregg@yahoo.com
F,87,1935-08-24,teresa93,joseph96@yahoo.com
M,42,1980-11-24,juliahenry,fulleramy@gmail.com
F,38,1984-03-30,matthewsosa,samuel74@gmail.com
M,58,1964-05-28,wallacejames,smithjames@hotmail.com
M,29,1994-03-23,michelle76,tateandrew@yahoo.com
F,40,1982-04-20,erica80,jacobsonangela@hotmail.com
F,46,1977-03-13,robin17,rogerking@hotmail.com
M,35,1987-08-16,qmiller,ocraig@yahoo.com
F,24,1998-10-07,xharrington,melaniewhite@yahoo.com
F,33,1989-12-11,garrettbrian,jonesjimmy@hotmail.com
F,34,1988-06-24,kdavenport,lauraevans@yahoo.com
F,20,2002-12-30,brendawilliams,karen30@yahoo.com
M,21,2002-01-22,joshuamarshall,andersoncraig@hotmail.com
M,43,1980-03-13,donna30,lawsonshannon@hotmail.com
M,76,1946-11-12,evansrobyn,heatherfox@hotmail.com
M,94,1928-06-16,antonio07,rachelhughes@yahoo.com
M,88,1934-06-12,andrea39,masondebra@gmail.com
F,19,2003-03-29,evelyn79,robinatkins@hotmail.com
M,50,1973-02-11,obutler,evan42@yahoo.com
M,96,1926-12-29,aarondawson,matthew58@yahoo.com
M,60,1962-09-24,jessicastark,adam38@yahoo.com
M,78,1944-07-28,sandra47,susanwarren@gmail.com
M,90,1933-01-08,younglaura,daniel54@yahoo.com
F,58,1965-03-23,hudsongail,brendaharvey@yahoo.com
M,39,1983-05-10,calvinwalker,ruizdaniel@gmail.com
F,23,2000-02-08,fuentesanthony,cameron52@hotmail.com
F,86,1936-12-19,rhunter,christinemiller@yahoo.com
M,77,1945-09-23,bakerteresa,angelasmith@gmail.com
M,65,1957-10-26,lhaynes,josephho@hotmail.com
M,37,1985-07-09,emilywalker,sonyalynn@yahoo.com
M,74,1948-08-09,warren92,hrobertson@yahoo.com
M,29,1994-02-06,nicolemcgee,joshua46@yahoo.com
F,95,1927-05-06,qleon,stephenwatson@yahoo.com
M,41,1981-03-28,vdrake,ramirezkristin@gmail.com
F,33,1989-08-26,bradymichael,darryl39@hotmail.com
F,98,1924-10-09,iwilson,websterkayla@hotmail.com
F,41,1982-02-16,msutton,gatkinson@gmail.com
M,62,1960-03-31,doughertyernest,guerrakathy@yahoo.com
M,88,1935-03-18,robin60,robertthomas@hotmail.com
M,87,1935-12-26,xbryant,calhounrebecca@gmail.com
M,22,2000-10-06,josephhunter,melissameyer@yahoo.com
F,74,1948-08-16,jesseschultz,deleonshawn@hotmail.com
M,85,1937-04-27,haileykelley,ucase@hotmail.com
M,20,2002-08-10,lawsonkevin,daviddixon@hotmail.com
F,58,1964-04-05,perkinsoscar,michaelcantrell@gmail.com
M,74,1948-04-01,sabrinathompson,madisonnelson@yahoo.com
M,84,1938-04-06,jdavenport,jmurphy@gmail.com
M,68,1954-08-26,farmerbryan,matthew73@hotmail.com
F,95,1927-04-25,catherinelee,jasonoconnell@hotmail.com
M,26,1996-06-16,uramsey,jhansen@gmail.com
F,39,1983-06-10,younganita,rachelbennett@gmail.com
F,79,1943-12-12,holly90,hartmanbetty@hotmail.com
M,96,1926-03-30,grahamdebra,jeffreydennis@gmail.com
M,65,1957-07-26,jamesgriffin,sandovalwilliam@yahoo.com
M,89,1933-12-16,kevinsmith,corey18@hotmail.com
F,25,1997-04-07,kelly27,nriley@gmail.com
F,78,1944-12-04,vreeves,dianagomez@gmail.com
F,62,1960-07-13,maureen18,washingtonadrian@hotmail.com
F,83,1939-12-20,ashleymichael,caitlin31@hotmail.com
M,51,1971-05-05,martinezmarissa,gtorres@yahoo.com
F,96,1927-03-07,jeffcrawford,christinelewis@hotmail.com
F,32,1991-02-21,thomasholmes,samuelbrown@gmail.com
M,24,1998-05-23,nestrada,williamjohnson@hotmail.com
M,47,1976-02-02,barbertina,frivera@hotmail.com
M,28,1994-06-03,thomascolleen,mark36@gmail.com
M,61,1961-08-20,sandra48,brussell@yahoo.com
M,46,1977-01-06,rodgersbenjamin,michael73@gmail.com
F,51,1972-01-01,paynedenise,leechristopher@gmail.com
M,78,1944-09-26,erik88,erinwilliams@yahoo.com
M,23,1999-10-26,froberts,gbush@hotmail.com
F,51,1971-12-08,fsmith,vanderson@yahoo.com
F,29,1993-04-24,daniellepetersen,nelsonjulie@yahoo.com
M,59,1963-11-18,nbridges,charlessummers@gmail.com
M,57,1965-07-19,adam08,sanchezamanda@yahoo.com
F,34,1988-09-19,tracy13,charlessanchez@hotmail.com
M,24,1998-04-15,jonesjulie,gwilson@gmail.com
F,87,1935-11-07,brian72,greenetimothy@hotmail.com
M,92,1931-01-25,samueldavis,uberg@gmail.com
M,50,1972-05-04,lisabest,brandon48@hotmail.com
F,70,1952-11-22,russellscott,daniellewarren@yahoo.com
F,45,1977-06-26,geneibarra,emilyjohnston@yahoo.com
M,96,1926-09-20,cassandra14,anthony19@gmail.com
F,53,1970-01-24,james01,brandon77@gmail.com
M,38,1985-03-17,watkinsbrianna,nrobinson@yahoo.com
M,78,1944-06-21,paula08,juan76@hotmail.com
F,72,1950-06-04,andrecastro,gina03@yahoo.com
M,52,1970-06-02,jillanderson,deanna01@yahoo.com
F,45,1977-10-16,mikecoffey,dawngross@hotmail.com
F,37,1985-09-10,langjessica,christina20@hotmail.com
F,66,1957-01-31,underwoodemily,gregoryevans@hotmail.com
F,18,2004-08-04,bettyfinley,garciastephanie@hotmail.com
F,24,1998-12-19,joann63,duncansarah@gmail.com
M,50,1972-08-14,john61,michaeldecker@gmail.com
F,22,2000-11-06,jenniferdickson,linsarah@hotmail.com
M,69,1953-09-08,brianalawson,heather37@yahoo.com
F,53,1969-04-18,nealmonique,jesse37@yahoo.com
F,53,1969-03-28,ypark,ecantrell@gmail.com
M,95,1927-12-20,vrogers,flindsey@hotmail.com
M,87,1935-05-18,burtonalicia,margaret77@yahoo.com
F,29,1994-01-13,whiteleah,vwong@gmail.com
M,97,1925-09-10,courtney55,elizabeth18@yahoo.com
M,51,1971-10-07,edward37,brianna73@hotmail.com
M,80,1943-03-12,ian25,halljaime@gmail.com
M,93,1929-12-24,crystal70,arnoldheather@gmail.com
F,80,1943-02-04,amyponce,schwartzeric@hotmail.com
F,91,1932-03-23,maria13,bergerwayne@yahoo.com
M,50,1973-01-27,robert79,marie25@hotmail.com
M,45,1978-03-21,johnsonadrian,smithtyler@yahoo.com
F,32,1990-05-10,huynhbrian,stacyberry@hotmail.com
M,79,1943-09-04,hunterjeffrey,littlebrooke@yahoo.com
F,44,1978-12-11,thomas89,thomas91@hotmail.com
F,80,1942-06-16,welchanthony,karen72@gmail.com
F,23,1999-12-07,lisa36,nguyenjulia@hotmail.com
M,85,1937-04-03,stephensutton,ihernandez@gmail.com
M,85,1938-01-12,xburns,daniellynch@hotmail.com
M,62,1960-12-11,mfleming,rodriguezsheila@gmail.com
F,63,1959-04-08,briancobb,allenantonio@hotmail.com
M,73,1949-04-18,goldenbrenda,uburke@yahoo.com
M,56,1966-07-16,phillipsandoval,nicolecunningham@gmail.com
M,33,1989-10-17,veronicagreen,darlenewashington@hotmail.com
F,72,1951-03-01,jeanettemiller,diana86@yahoo.com
M,29,1994-02-04,martinthomas,logansarah@hotmail.com
M,74,1949-02-09,brownkelly,beckadam@hotmail.com
M,24,1999-02-13,andrewsmith,johnsonmatthew@gmail.com
F,35,1987-04-13,jhernandez,sarah94@gmail.com
F,38,1984-07-01,derrick87,victoria56@hotmail.com
F,90,1933-01-03,franklinnathan,uberry@gmail.com
M,43,1979-12-04,usmith,christophermoody@gmail.com
F,22,2000-10-07,richpaul,susan30@yahoo.com
M,87,1935-11-15,thomaswashington,laurenwebb@gmail.com
M,23,1999-10-22,thomasmiller,kimberlybeard@hotmail.com
F,49,1973-08-04,amyshea,douglasnichols@hotmail.com
F,70,1953-02-20,johnsonlucas,amendez@hotmail.com
M,60,1962-07-10,catherinebaker,jamesmorgan@yahoo.com
F,25,1997-10-17,rebekah52,david00@yahoo.com
F,79,1943-12-25,jonesalejandro,btodd@hotmail.com
F,58,1964-03-29,angela22,patrick98@gmail.com
F,37,1985-11-07,beasleyjeffrey,along@gmail.com
F,28,1995-01-17,heather02,andersonjeremy@yahoo.com
F,18,2004-11-16,mossjohn,timothyboone@yahoo.com
M,82,1941-03-22,deborahbrown,danielle57@gmail.com
M,40,1983-03-14,david23,petersoncaleb@gmail.com
F,54,1968-05-23,andersonsamantha,emonroe@yahoo.com
F,24,1998-09-17,robert38,deborah19@hotmail.com
M,35,1987-05-30,williamsalexandria,james28@gmail.com
F,93,1929-07-15,meyerrobert,gary77@yahoo.com
F,36,1986-09-23,erikstanley,raymond62@gmail.com
F,30,1992-04-15,patrickkelly,kimberly28@gmail.com
M,38,1984-07-31,xjones,michael50@hotmail.com
M,73,1949-11-25,gloriawest,hmorrison@hotmail.com
F,78,1944-10-12,omason,twilliams@yahoo.com
F,26,1996-10-20,brookegonzalez,mcmillandylan@hotmail.com
F,43,1979-06-13,escobaralan,ogreen@gmail.com
M,21,2001-05-26,josephwise,alewis@yahoo.com
F,82,1940-10-19,jbrown,jordananita@yahoo.com
F,66,1956-10-15,cheryljohnson,destinybradshaw@yahoo.com
F,97,1925-10-28,peterstimothy,jonesscott@gmail.com
M,38,1984-11-05,tadams,elliscourtney@gmail.com
F,34,1988-10-22,imartin,griffinchristopher@gmail.com
F,61,1961-07-12,kimberlytorres,timothyjones@yahoo.com
F,25,1998-03-21,samuel65,lcain@hotmail.com
M,42,1980-10-16,nbaker,lauren86@hotmail.com
M,82,1940-12-22,yolanda39,vwilliams@hotmail.com
M,40,1982-12-31,melissadixon,parksbrian@yahoo.com
M,79,1944-01-07,tfischer,stephen91@gmail.com
F,49,1973-03-29,lucaspeterson,ohall@yahoo.com
F,43,1979-07-21,heather48,benjamin99@gmail.com
M,21,2002-03-25,stephenmorrison,bsanchez@gmail.com
F,44,1978-10-30,terry43,lindagonzales@gmail.com
M,87,1935-05-11,heatherbonilla,jamie66@hotmail.com
F,95,1928-01-27,iramos,lorigraham@yahoo.com
M,63,1959-08-08,frank16,manuel39@yahoo.com
M,61,1961-11-03,fdiaz,figueroamelissa@yahoo.com
M,94,1928-08-26,arthur68,thomasjulia@hotmail.com
M,85,1938-01-15,jimmyanderson,laura31@yahoo.com
M,56,1967-03-25,petermack,hoganlaura@hotmail.com
F,34,1988-11-28,chadsnyder,renee68@yahoo.com
F,31,1991-11-17,heidiwilliams,obrienhannah@hotmail.com
M,39,1983-06-21,burgessjennifer,vsanders@gmail.com
M,81,1941-04-14,spoole,rebecca91@hotmail.com
M,81,1941-12-02,joshuawilson,armstrongalexander@hotmail.com
F,54,1968-04-24,edwardsdeborah,lisa02@hotmail.com
F,33,1989-05-26,michaelparrish,kimberly47@gmail.com
F,90,1932-06-15,cheryl46,nataliealexander@hotmail.com
M,31,1991-08-01,lisalowe,lroberts@yahoo.com
M,97,1926-01-31,savannahthomas,wprice@hotmail.com
F,47,1975-07-24,simmonsadrienne,grantmclaughlin@gmail.com
F,93,1929-10-31,elizabeth13,garciawhitney@gmail.com
M,32,1991-01-24,johnsonhenry,johnsonsharon@hotmail.com
M,83,1940-03-26,rstrong,curryamanda@yahoo.com
F,72,1950-10-11,jamie18,crawfordhenry@yahoo.com
M,20,2003-01-18,lori50,wilsonjasmin@gmail.com
F,75,1947-12-20,robert52,stephenbennett@yahoo.com
M,62,1961-03-02,uroach,crystal59@yahoo.com
M,100,1922-09-24,jasonstein,georgecarney@yahoo.com
M,38,1984-11-26,bethany25,wstewart@gmail.com
M,68,1954-11-04,ogonzalez,ejones@gmail.com
F,83,1939-11-11,kristen32,davidscott@gmail.com
M,41,1981-12-02,joseph91,maria03@gmail.com
F,47,1975-09-08,danielle42,andrewsduane@yahoo.com
F,44,1979-01-08,millerkathryn,loganfuller@yahoo.com
F,28,1994-12-10,allenjessica,timothycrawford@yahoo.com
M,53,1969-09-29,jgarza,yperry@gmail.com
F,43,1980-01-10,powelljennifer,mariawhite@hotmail.com
M,67,1955-10-13,patrick76,scottsamantha@gmail.com
F,58,1964-04-29,michaelwright,aford@hotmail.com
F,49,1973-07-10,qvincent,christopherhunt@gmail.com
M,22,2000-11-10,ajones,michellepearson@gmail.com
M,29,1993-05-05,sullivandonald,bishopjacqueline@hotmail.com
F,87,1935-10-12,larry50,alvarezrobert@gmail.com
F,63,1959-06-06,zking,clarketyler@hotmail.com
M,34,1988-10-02,alicia69,valenzuelaalexander@hotmail.com
M,66,1956-06-17,aortiz,wesleybaxter@yahoo.com
F,67,1955-09-27,xfreeman,katherine22@yahoo.com
M,37,1985-07-22,alyssabarr,shawnthomas@gmail.com
M,44,1978-06-28,shelley61,kellymccall@gmail.com
F,29,1993-05-24,brian46,lindaperez@hotmail.com
F,52,1970-03-27,ewalker,tracey70@hotmail.com
M,47,1976-01-31,amysnow,mary83@yahoo.com
F,45,1977-12-09,holtelizabeth,antoniowhite@gmail.com
M,41,1981-04-14,cynthiamerritt,jeremychambers@gmail.com
M,80,1943-02-17,michaelclark,christopherchen@gmail.com
M,99,1923-11-13,iestrada,rnguyen@gmail.com
F,64,1959-01-05,jonesjonathan,nicolepeters@yahoo.com
M,96,1926-06-17,maryrhodes,wrightjennifer@yahoo.com
M,34,1988-12-11,qmendez,patrickdavid@gmail.com
M,61,1961-12-30,lee83,cjames@hotmail.com
F,89,1933-06-01,wweiss,yjames@yahoo.com
M,85,1937-08-12,austingeorge,dwilliams@hotmail.com
M,78,1944-06-29,codymendez,kellygarza@yahoo.com
M,51,1971-12-29,vstewart,grahamjuan@hotmail.com
F,33,1989-10-06,davisgwendolyn,ycasey@gmail.com
M,39,1983-11-17,lclark,vegaronald@hotmail.com
F,23,1999-10-24,reesejulie,boydjason@gmail.com
F,60,1962-12-15,tmitchell,maynarddonna@gmail.com
F,97,1925-12-25,martharivera,bryantbenjamin@hotmail.com
F,78,1944-05-10,steven56,jillsmith@gmail.com
F,44,1978-10-01,reedbrooke,gary05@hotmail.com
M,82,1940-11-02,cbenton,ocooper@gmail.com
M,21,2001-11-12,jerryconley,jerry54@yahoo.com
M,46,1976-07-05,goodmanchristopher,hamiltonamy@yahoo.com
M,41,1981-04-24,allisonlisa,arellanoshane@hotmail.com
M,22,2000-11-18,ocox,vburton@hotmail.com
F,95,1927-08-18,cassandra24,gjenkins@yahoo.com
M,91,1931-09-18,adamzamora,keithhartman@gmail.com
M,51,1971-08-18,ngonzalez,clarkchristopher@yahoo.com
M,57,1965-07-28,edward75,vazquezjimmy@yahoo.com
M,20,2002-08-31,grogers,travisjonathan@gmail.com
M,23,1999-12-03,gregoryjoseph,adrian36@hotmail.com
M,93,1929-06-23,robertrangel,kiddjustin@hotmail.com
F,64,1959-03-06,goodmandanny,patrick44@hotmail.com
M,44,1978-10-09,steve38,jamesryan@gmail.com
F,75,1947-09-18,hannah94,millerlarry@hotmail.com
F,64,1958-04-14,annahess,tochoa@hotmail.com
F,49,1973-11-01,faith25,peter02@gmail.com
F,72,1950-10-21,vfrazier,kennethcarroll@yahoo.com
M,65,1957-08-15,fscott,mmunoz@hotmail.com
M,66,1956-07-31,jeffreyyoung,cavila@hotmail.com
M,92,1930-05-04,kenneth37,alisonmeyer@hotmail.com
F,20,2002-10-20,carrie31,finleykara@gmail.com
F,78,1944-04-08,zacharylowery,christopher44@gmail.com
M,88,1934-05-02,dana81,latoya89@hotmail.com
M,51,1971-08-08,joshua36,melanieday@hotmail.com
F,94,1928-09-23,catherine53,devans@gmail.com
F,87,1935-12-17,john91,lauriefox@hotmail.com
M,43,1979-12-31,hsmith,curtisbentley@yahoo.com
M,50,1972-08-12,sarawade,butleradam@hotmail.com
M,34,1989-01-04,gyoung,philip12@hotmail.com
M,32,1990-04-02,myersbrianna,mitchell47@gmail.com
M,96,1927-02-02,johnnygomez,monicatran@gmail.com
F,22,2000-09-22,tabithajackson,lisa57@yahoo.com
F,33,1989-04-04,stevenshort,daniel08@gmail.com
F,97,1926-01-16,hodgemary,amytrevino@yahoo.com
F,75,1947-05-16,tpace,amywolfe@yahoo.com
M,68,1954-12-22,linda10,vwhite@gmail.com
M,59,1963-09-08,charlessharp,stephanie80@gmail.com
F,97,1925-08-19,merrittrebecca,calvarado@yahoo.com
M,91,1932-01-06,regina17,hamiltonbrandy@yahoo.com
M,19,2003-05-29,taylormichael,dyerjohn@yahoo.com
M,37,1985-04-09,ehill,stacy31@hotmail.com
F,23,1999-07-05,mariajames,tiffany79@yahoo.com
F,26,1996-09-11,steven54,snguyen@hotmail.com
F,79,1943-06-03,danielle58,jasmine66@gmail.com
M,27,1995-05-16,woodardsharon,tamarabrown@yahoo.com
M,25,1998-02-04,thomas48,jasmine31@gmail.com
F,70,1952-03-27,tbrown,rmitchell@yahoo.com
F,73,1949-04-27,kimberlypowell,wrightjessica@gmail.com
M,75,1947-09-26,ljones,cookjennifer@gmail.com
M,48,1974-06-05,michaelwalls,russelljonathan@gmail.com
F,30,1992-12-22,aprilmiles,uriggs@hotmail.com
M,47,1975-04-05,delgadotimothy,xsims@gmail.com
F,79,1944-03-07,richmondcarrie,robert55@yahoo.com
F,26,1996-10-20,ellisjose,melissa02@hotmail.com
M,34,1988-06-16,julie38,butlerjudy@yahoo.com
F,57,1965-05-26,freemanmelissa,karendavenport@gmail.com
M,78,1944-05-29,inewton,tylerana@gmail.com
F,81,1941-08-17,steven89,george53@gmail.com
F,65,1957-04-24,lpalmer,mirandaharrington@gmail.com
F,22,2000-05-31,chelseykim,gaysean@hotmail.com
F,73,1949-11-04,bryantamanda,gfitzgerald@gmail.com
M,29,1993-12-12,hooperlucas,alexis25@yahoo.com
F,62,1960-08-31,lauren35,amberstanton@yahoo.com
F,97,1925-10-23,umoore,xhunter@hotmail.com
M,27,1995-11-08,qanderson,ryanstephens@hotmail.com
M,40,1983-02-18,gjimenez,joanjohnson@gmail.com
M,83,1939-04-18,krystal90,matthewgilmore@yahoo.com
M,62,1960-05-26,steven00,nbonilla@hotmail.com
F,90,1932-09-18,robert61,jamesparks@gmail.com
M,73,1950-01-11,ianpatton,rharrell@hotmail.com
M,89,1933-05-28,matthewgolden,leejohnny@yahoo.com
M,50,1972-06-09,asmith,stephanie55@hotmail.com
M,31,1991-08-23,karimurphy,marcia12@hotmail.com
F,52,1971-01-23,smithdevin,sherry58@hotmail.com
M,83,1939-12-06,ethompson,barrroy@yahoo.com
M,68,1954-12-06,omaxwell,ddominguez@yahoo.com
F,79,1944-01-29,emilymclaughlin,kristin14@gmail.com
F,72,1951-02-03,dmcintyre,khanjohn@gmail.com
F,57,1965-07-23,gmcintyre,michellepatel@gmail.com
M,34,1988-09-22,brooksvictor,brandy44@gmail.com
F,69,1953-06-11,smithapril,ronaldchavez@hotmail.com
F,73,1949-11-26,gina78,cameronmcdonald@yahoo.com
F,97,1925-04-07,cochranjames,michele36@hotmail.com
M,36,1986-11-18,samantha79,michaelafisher@gmail.com
M,43,1980-02-11,gregoryvictor,campbellmindy@yahoo.com
M,33,1989-07-18,carlos77,nortoncole@yahoo.com
F,51,1972-03-26,pacejenny,stephensimmons@yahoo.com
F,70,1952-10-15,antonio70,taylorkyle@yahoo.com
F,50,1972-06-22,quinnheather,perryjasmine@yahoo.com
F,39,1983-08-17,rking,christinasanders@hotmail.com
F,89,1933-05-20,brandicummings,michaelwilson@gmail.com
M,100,1922-10-17,laurarodriguez,allenspencer@hotmail.com
M,62,1960-08-20,matthewscody,morrissamuel@yahoo.com
F,80,1942-11-28,danielwells,henry67@yahoo.com
F,88,1934-12-28,keithhall,delgadoandrew@yahoo.com
F,33,1990-01-02,donnamartinez,barrettamy@hotmail.com
F,35,1987-09-18,justincarr,jonesphillip@hotmail.com
M,55,1967-10-19,kathryn24,matthew39@gmail.com
M,34,1988-04-01,gonzalezalex,anthonybishop@hotmail.com
F,31,1992-02-26,kramerjennifer,williamsnancy@yahoo.com
M,68,1954-04-25,jimmywalker,hsmith@hotmail.com
F,59,1963-07-15,krich,nelsonmary@yahoo.com
M,31,1991-09-22,jerry81,jessica14@yahoo.com
F,61,1961-09-15,codyscott,charlesdavis@gmail.com
F,53,1969-07-02,justin71,brenda81@yahoo.com
M,52,1970-12-27,corey38,martinmoore@hotmail.com
M,22,2000-06-27,bradley28,mcdonaldjesse@yahoo.com
F,87,1935-06-17,samantha16,bwells@gmail.com
M,53,1969-12-15,lisa84,lewisangela@yahoo.com
F,18,2005-02-23,sjohnson,barrettmonique@hotmail.com
M,84,1938-08-07,meaganfoster,oliviathompson@gmail.com
M,71,1951-07-12,vsanders,freemanmichael@yahoo.com
M,27,1996-02-05,charlesmyers,michaelmendez@gmail.com
M,78,1944-10-17,xhansen,williamsjennifer@yahoo.com
M,18,2004-12-03,julie67,nicole57@hotmail.com
M,98,1924-12-12,macdonaldsierra,nallen@gmail.com
M,92,1930-09-07,webbbianca,christophersingh@hotmail.com
M,41,1981-06-19,williamslisa,jacksonjonathan@hotmail.com
F,74,1948-06-26,jamesmoore,vsampson@hotmail.com
M,65,1957-12-06,hughesmichael,brewerjames@hotmail.com
M,42,1980-08-23,jasonwood,diazmichael@yahoo.com
M,100,1923-02-03,gailwalters,jenniferabbott@hotmail.com
F,97,1925-06-01,joseph28,sandersjustin@gmail.com
F,37,1985-04-17,karen96,william18@yahoo.com
F,71,1951-03-31,valdezjennifer,qharris@hotmail.com
M,90,1932-10-27,kathrynharrison,allison41@gmail.com
M,69,1954-03-02,scottsmith,jrose@yahoo.com
F,65,1958-03-16,nicole27,joshuabrooks@hotmail.com
F,83,1939-10-06,mharmon,wcarlson@gmail.com
M,73,1949-07-10,garciajason,ltownsend@yahoo.com
F,21,2002-01-05,brandy95,jessicareilly@gmail.com
M,98,1924-08-13,sdiaz,melissagraham@gmail.com
F,83,1939-09-30,jlee,njenkins@hotmail.com
M,68,1954-11-23,michelle38,swansonrebecca@hotmail.com
F,83,1940-02-07,xbarnes,jeffreyvincent@gmail.com
F,65,1958-02-11,travisjohnson,perezstephanie@hotmail.com
F,28,1995-01-12,aramsey,sheila52@yahoo.com
M,91,1931-09-25,ericevans,anthonyhuynh@hotmail.com
M,82,1940-08-17,psmith,hclay@gmail.com
F,42,1980-07-06,suareztyler,mramos@yahoo.com
M,95,1928-01-18,sawyerelizabeth,curtis89@gmail.com
F,86,1936-06-26,xwhite,jimmy58@gmail.com
M,70,1952-06-16,ronald42,christophergarcia@gmail.com
M,45,1977-04-30,youngangela,tiffanymccoy@gmail.com
M,65,1957-08-07,gregory15,james37@gmail.com
F,74,1949-03-01,jamesmaria,jnguyen@yahoo.com
M,37,1985-12-16,brooksjames,lynnmanuel@hotmail.com
F,20,2002-12-26,smithcarolyn,kathleen66@hotmail.com
F,26,1996-04-22,whitedaniel,joseph81@yahoo.com
F,83,1939-04-07,desireejohnson,lisareese@yahoo.com
M,88,1934-07-31,dvance,johnsonsusan@hotmail.com
F,48,1974-10-08,dianaanderson,simmonsmikayla@hotmail.com
M,19,2003-07-20,nathaniel58,laurabarrett@gmail.com
F,33,1990-02-21,jonesrachel,craig55@gmail.com
M,91,1931-04-09,heatherrobinson,pking@gmail.com
F,49,1973-05-18,rodriguezmichael,bpotter@yahoo.com
F,30,1992-10-31,wwoods,jay36@hotmail.com
M,62,1960-10-07,wagnermichael,maldonadobrian@hotmail.com
M,83,1939-11-17,cherylsmith,riverakaren@yahoo.com
M,36,1986-08-24,tyler00,tkelly@gmail.com
M,29,1993-12-20,sherry21,ashleygriffin@gmail.com
M,20,2002-04-02,stewartjames,robert07@gmail.com
M,58,1965-03-26,heather95,haroldswanson@hotmail.com
M,19,2003-08-07,webbtroy,parksmark@gmail.com
M,100,1922-06-07,raymondgarrison,xmorgan@hotmail.com
F,69,1954-01-19,bakerangelica,gburton@gmail.com
F,61,1961-07-30,lauren61,joe25@hotmail.com
M,56,1966-05-06,johnrodriguez,ujohnson@yahoo.com
M,35,1988-02-02,randybarnes,pturner@hotmail.com
M,28,1994-04-02,robertwilliams,lkaiser@hotmail.com
F,96,1927-01-28,srobertson,casey47@hotmail.com
F,49,1973-08-27,joel34,michelle35@gmail.com
F,57,1965-11-30,josephwalton,vjones@yahoo.com
F,31,1991-11-17,idavidson,irodriguez@gmail.com
F,66,1956-12-12,thomas16,whunt@yahoo.com
F,99,1923-05-08,robin95,knolan@hotmail.com
F,95,1927-11-05,pamelaanderson,emily98@gmail.com
M,52,1971-02-09,tammytaylor,nward@hotmail.com
F,30,1993-01-05,courtney36,james91@yahoo.com
F,67,1956-01-19,victor89,ncombs@hotmail.com
M,78,1944-12-08,jgarcia,christopher90@yahoo.com
F,62,1960-10-05,rhickman,jacksonangela@hotmail.com
F,70,1952-06-21,uhardy,jennifergarcia@hotmail.com
M,26,1996-11-12,amarshall,lee00@gmail.com
F,36,1987-01-08,susandavis,heather61@hotmail.com
M,27,1995-09-20,qrichards,jillian69@gmail.com
M,71,1951-12-23,brooksraymond,shannonharrison@hotmail.com
F,88,1934-11-27,daysonia,amy10@yahoo.com
F,35,1988-03-25,makaylajohnson,wrightnicholas@yahoo.com
F,85,1937-06-18,donnatodd,npierce@gmail.com
M,46,1976-11-25,thomas76,breannaburnett@hotmail.com
F,25,1998-02-04,robertosmith,courtney83@yahoo.com
F,79,1943-07-26,fitzgeraldjeffrey,nelsonnatalie@gmail.com
M,38,1985-01-06,duncangregory,shelly17@hotmail.com
F,75,1947-09-05,mariosanchez,currynathaniel@yahoo.com
M,91,1931-07-20,manuelcooper,johnlopez@gmail.com
F,47,1975-04-04,nathananderson,bruce12@hotmail.com
F,38,1984-09-02,amy45,mmiller@gmail.com
F,30,1992-12-18,cclements,phillip50@gmail.com
M,94,1929-03-09,charlesibarra,thomasgail@yahoo.com
F,24,1998-10-19,ygutierrez,yjones@hotmail.com
F,94,1928-04-11,eorozco,smitheric@hotmail.com
F,90,1932-11-02,hlawrence,lynn98@yahoo.com
M,59,1963-06-30,williamsjames,joshua59@gmail.com
M,52,1970-05-06,anthonybrown,dchase@hotmail.com
M,81,1941-08-23,bcalderon,lsalas@yahoo.com
M,81,1942-01-08,doris67,turnerpamela@yahoo.com
F,90,1933-01-15,bakermallory,watsonjose@gmail.com
M,36,1986-12-04,kstewart,fsmith@gmail.com
F,89,1933-10-31,victorrhodes,maryhogan@yahoo.com
F,83,1940-03-02,millerdennis,justin35@yahoo.com
F,77,1945-11-13,jeffrey09,sjennings@gmail.com
M,72,1951-02-15,hmyers,harrissteven@hotmail.com
M,57,1965-12-27,johnstonbrent,coreynelson@yahoo.com
